;time;token;event;nodeName;global_position;local_position;local_dimensions;nodeType
0;2022-01-13 12:44:04.281000+00:00;SZ4CZQDCuTdPno+y;click;H1;[1038, 251];['', ''];['', ''];
1;2022-01-13 12:44:04.452000+00:00;SZ4CZQDCuTdPno+y;click;H1;[1038, 251];['', ''];['', ''];
2;2022-01-13 12:44:04.814000+00:00;SZ4CZQDCuTdPno+y;click;H1;[1038, 251];['', ''];['', ''];
3;2022-01-13 12:44:04.969000+00:00;SZ4CZQDCuTdPno+y;click;H1;[1038, 251];['', ''];['', ''];
4;2022-01-13 12:44:07.935000+00:00;SZ4CZQDCuTdPno+y;click;H1;[1156, 233];['', ''];['', ''];
5;2022-01-13 12:44:17.897000+00:00;SZ4CZQDCuTdPno+y;click;BUTTON;[1539, 348];[54, 8];[105, 36];
6;2022-01-13 12:44:49.097000+00:00;SZ4CZQDCuTdPno+y;click;LABEL;[482, 271];[138, 16];[181, 24];
7;2022-01-13 12:44:49.098000+00:00;SZ4CZQDCuTdPno+y;click;INPUT;[482, 271];[161, 11];[14, 14];radio
8;2022-01-13 12:44:50.346000+00:00;SZ4CZQDCuTdPno+y;click;NULL;[209, 239];['', ''];['', ''];
9;2022-01-13 12:44:57.346000+00:00;SZ4CZQDCuTdPno+y;click;INPUT;[405, 470];[84, 8];[14, 14];radio
10;2022-01-13 12:44:57.346000+00:00;SZ4CZQDCuTdPno+y;click;LABEL;[405, 470];[61, 13];[146, 24];
11;2022-01-13 12:44:58.735000+00:00;SZ4CZQDCuTdPno+y;click;NULL;[203, 411];['', ''];['', ''];
12;2022-01-13 12:45:38.853000+00:00;SZ4CZQDCuTdPno+y;click;DIV;[591, 632];['', ''];['', ''];
13;2022-01-13 12:45:39.390000+00:00;SZ4CZQDCuTdPno+y;click;DIV;[591, 631];['', ''];['', ''];
14;2022-01-13 12:45:41.495000+00:00;SZ4CZQDCuTdPno+y;click;DIV;[617, 626];['', ''];['', ''];
15;2022-01-13 12:46:03.986000+00:00;SZ4CZQDCuTdPno+y;click;LABEL;[420, 666];[76, 7];[109, 24];
16;2022-01-13 12:46:03.987000+00:00;SZ4CZQDCuTdPno+y;click;INPUT;[420, 666];[99, 2];[14, 14];radio
17;2022-01-13 12:46:05.315000+00:00;SZ4CZQDCuTdPno+y;click;DIV;[482, 564];['', ''];['', ''];
18;2022-01-13 12:46:36.214000+00:00;SZ4CZQDCuTdPno+y;click;LABEL;[763, 204];[419, 11];[550, 24];
19;2022-01-13 12:46:36.215000+00:00;SZ4CZQDCuTdPno+y;click;INPUT;[763, 204];[442, 6];[14, 14];radio
20;2022-01-13 12:46:40.857000+00:00;SZ4CZQDCuTdPno+y;click;DIV;[445, 169];['', ''];['', ''];
21;2022-01-13 12:46:42.571000+00:00;SZ4CZQDCuTdPno+y;click;DIV;[329, 165];['', ''];['', ''];
22;2022-01-13 12:47:12.831000+00:00;SZ4CZQDCuTdPno+y;click;DIV;[744, 167];['', ''];['', ''];
23;2022-01-13 12:48:05.761000+00:00;SZ4CZQDCuTdPno+y;click;LABEL;[399, 427];[55, 14];[543, 24];
24;2022-01-13 12:48:05.762000+00:00;SZ4CZQDCuTdPno+y;click;INPUT;[399, 427];[78, 9];[14, 14];checkbox
25;2022-01-13 12:48:06.031000+00:00;SZ4CZQDCuTdPno+y;click;LABEL;[394, 461];[50, 22];[403, 24];
26;2022-01-13 12:48:06.032000+00:00;SZ4CZQDCuTdPno+y;click;INPUT;[394, 461];[73, 17];[14, 14];checkbox
27;2022-01-13 12:48:06.287000+00:00;SZ4CZQDCuTdPno+y;click;INPUT;[394, 503];[73, 7];[14, 14];checkbox
28;2022-01-13 12:48:06.287000+00:00;SZ4CZQDCuTdPno+y;click;LABEL;[394, 503];[50, 12];[584, 24];
29;2022-01-13 12:48:06.637000+00:00;SZ4CZQDCuTdPno+y;click;LABEL;[411, 471];[67, 6];[335, 24];
30;2022-01-13 12:48:06.638000+00:00;SZ4CZQDCuTdPno+y;click;INPUT;[411, 471];[90, 1];[14, 14];checkbox
31;2022-01-13 12:48:08.533000+00:00;SZ4CZQDCuTdPno+y;click;NULL;[154, 416];['', ''];['', ''];
32;2022-01-13 12:48:44.226000+00:00;SZ4CZQDCuTdPno+y;click;LABEL;[424, 426];[30, 12];[66, 36];
33;2022-01-13 12:48:44.227000+00:00;SZ4CZQDCuTdPno+y;click;INPUT;[424, 426];[30, 13];[13, 13];radio
34;2022-01-13 12:48:44.913000+00:00;SZ4CZQDCuTdPno+y;click;DIV;[517, 290];['', ''];['', ''];
35;2022-01-13 12:48:48.454000+00:00;SZ4CZQDCuTdPno+y;click;DIV;[370, 227];['', ''];['', ''];
36;2022-01-13 12:48:48.929000+00:00;SZ4CZQDCuTdPno+y;click;LABEL;[349, 260];[29, 26];[73, 36];
37;2022-01-13 12:48:48.930000+00:00;SZ4CZQDCuTdPno+y;click;INPUT;[349, 260];[29, 27];[13, 13];radio
38;2022-01-13 12:48:49.663000+00:00;SZ4CZQDCuTdPno+y;click;DIV;[640, 202];['', ''];['', ''];
39;2022-01-13 12:49:22.496000+00:00;SZ4CZQDCuTdPno+y;click;BUTTON;[1778, 860];[78, 27];[192, 36];
40;2022-01-13 12:50:29.110000+00:00;SZ4CZQDCuTdPno+y;click;BUTTON;[1842, 914];[1842, 2017];[0, 0];
41;2022-01-13 12:50:46.301000+00:00;SZ4CZQDCuTdPno+y;click;LABEL;[676, 245];[332, 16];[559, 24];
42;2022-01-13 12:50:46.302000+00:00;SZ4CZQDCuTdPno+y;click;INPUT;[676, 245];[355, 11];[14, 14];radio
43;2022-01-13 12:50:54.784000+00:00;SZ4CZQDCuTdPno+y;click;DIV;[872, 305];['', ''];['', ''];
44;2022-01-13 12:50:56.010000+00:00;SZ4CZQDCuTdPno+y;click;LABEL;[359, 89];[15, 8];[721, 24];
45;2022-01-13 12:50:56.011000+00:00;SZ4CZQDCuTdPno+y;click;INPUT;[359, 89];[38, 3];[14, 14];radio
46;2022-01-13 12:50:56.813000+00:00;SZ4CZQDCuTdPno+y;click;NULL;[267, 182];['', ''];['', ''];
47;2022-01-13 12:51:25.968000+00:00;SZ4CZQDCuTdPno+y;click;LABEL;[597, 321];[253, 16];[408, 24];
48;2022-01-13 12:51:25.969000+00:00;SZ4CZQDCuTdPno+y;click;INPUT;[597, 321];[276, 11];[14, 14];checkbox
49;2022-01-13 12:51:26.452000+00:00;SZ4CZQDCuTdPno+y;click;INPUT;[597, 321];[276, 11];[14, 14];checkbox
50;2022-01-13 12:51:26.452000+00:00;SZ4CZQDCuTdPno+y;click;LABEL;[597, 321];[253, 16];[408, 24];
51;2022-01-13 12:51:37.887000+00:00;SZ4CZQDCuTdPno+y;click;DIV;[471, 146];['', ''];['', ''];
52;2022-01-13 12:51:49.310000+00:00;SZ4CZQDCuTdPno+y;click;LABEL;[543, 268];[199, 15];[698, 24];
53;2022-01-13 12:51:49.311000+00:00;SZ4CZQDCuTdPno+y;click;INPUT;[543, 268];[222, 10];[14, 14];checkbox
54;2022-01-13 12:51:57.855000+00:00;SZ4CZQDCuTdPno+y;click;LABEL;[602, 294];[258, 15];[414, 24];
55;2022-01-13 12:51:57.856000+00:00;SZ4CZQDCuTdPno+y;click;INPUT;[602, 294];[281, 10];[14, 14];checkbox
56;2022-01-13 12:51:58.245000+00:00;SZ4CZQDCuTdPno+y;click;LABEL;[528, 195];[184, 20];[281, 24];
57;2022-01-13 12:51:58.497000+00:00;SZ4CZQDCuTdPno+y;click;LABEL;[521, 183];[177, 8];[281, 24];
58;2022-01-13 12:51:58.877000+00:00;SZ4CZQDCuTdPno+y;click;DIV;[524, 199];['', ''];['', ''];
59;2022-01-13 12:51:59.130000+00:00;SZ4CZQDCuTdPno+y;click;INPUT;[517, 216];[196, 10];[14, 14];checkbox
60;2022-01-13 12:51:59.130000+00:00;SZ4CZQDCuTdPno+y;click;LABEL;[517, 216];[173, 15];[300, 24];
61;2022-01-13 12:51:59.428000+00:00;SZ4CZQDCuTdPno+y;click;LABEL;[507, 181];[163, 6];[281, 24];
62;2022-01-13 12:51:59.834000+00:00;SZ4CZQDCuTdPno+y;click;LABEL;[508, 190];[164, 15];[281, 24];
63;2022-01-13 12:52:00.549000+00:00;SZ4CZQDCuTdPno+y;click;LABEL;[456, 191];[112, 16];[281, 24];
64;2022-01-13 12:52:01.102000+00:00;SZ4CZQDCuTdPno+y;click;LABEL;[354, 179];[10, 4];[281, 24];
65;2022-01-13 12:52:01.949000+00:00;SZ4CZQDCuTdPno+y;click;INPUT;[327, 183];[6, 3];[14, 14];checkbox
66;2022-01-13 12:52:07.798000+00:00;SZ4CZQDCuTdPno+y;click;INPUT;[330, 312];[9, 2];[14, 14];checkbox
67;2022-01-13 12:52:08.115000+00:00;SZ4CZQDCuTdPno+y;click;INPUT;[328, 292];[7, 8];[14, 14];checkbox
68;2022-01-13 12:52:09.031000+00:00;SZ4CZQDCuTdPno+y;click;NULL;[192, 258];['', ''];['', ''];
69;2022-01-13 12:52:45.903000+00:00;SZ4CZQDCuTdPno+y;click;NULL;[1725, 627];['', ''];['', ''];
70;2022-01-13 12:53:19.759000+00:00;SZ4CZQDCuTdPno+y;click;LABEL;[350, 790];[30, 7];[73, 36];
71;2022-01-13 12:53:19.760000+00:00;SZ4CZQDCuTdPno+y;click;INPUT;[350, 790];[30, 8];[13, 13];radio
72;2022-01-13 12:53:20.796000+00:00;SZ4CZQDCuTdPno+y;click;DIV;[394, 565];['', ''];['', ''];
73;2022-01-13 12:53:29.353000+00:00;SZ4CZQDCuTdPno+y;click;LABEL;[324, 604];[4, 1];[73, 36];
74;2022-01-13 12:53:29.354000+00:00;SZ4CZQDCuTdPno+y;click;INPUT;[324, 604];[4, 2];[13, 13];radio
75;2022-01-13 12:53:31.366000+00:00;SZ4CZQDCuTdPno+y;click;DIV;[715, 566];['', ''];['', ''];
76;2022-01-13 12:53:52.870000+00:00;SZ4CZQDCuTdPno+y;click;LABEL;[456, 526];[62, 3];[66, 36];
77;2022-01-13 12:53:52.871000+00:00;SZ4CZQDCuTdPno+y;click;INPUT;[456, 526];[62, 4];[13, 13];radio
78;2022-01-13 12:53:54.448000+00:00;SZ4CZQDCuTdPno+y;click;DIV;[736, 576];['', ''];['', ''];
79;2022-01-13 12:54:18.838000+00:00;SZ4CZQDCuTdPno+y;click;LABEL;[444, 463];[50, 20];[66, 36];
80;2022-01-13 12:54:18.839000+00:00;SZ4CZQDCuTdPno+y;click;INPUT;[444, 463];[50, 21];[13, 13];radio
81;2022-01-13 12:54:20.645000+00:00;SZ4CZQDCuTdPno+y;click;DIV;[294, 326];['', ''];['', ''];
82;2022-01-13 12:54:21.673000+00:00;SZ4CZQDCuTdPno+y;click;LABEL;[414, 400];[70, 4];[166, 24];
83;2022-01-13 12:54:21.673000+00:00;SZ4CZQDCuTdPno+y;click;INPUT;[414, 400];[93, -1];[14, 14];radio
84;2022-01-13 12:54:24.012000+00:00;SZ4CZQDCuTdPno+y;click;NULL;[256, 372];['', ''];['', ''];
85;2022-01-13 12:54:45.747000+00:00;SZ4CZQDCuTdPno+y;click;LABEL;[539, 403];[179, 9];[388, 24];
86;2022-01-13 12:54:46.630000+00:00;SZ4CZQDCuTdPno+y;click;LI;[335, 408];['', ''];['', ''];
87;2022-01-13 12:54:47.305000+00:00;SZ4CZQDCuTdPno+y;click;INPUT;[340, 406];[3, 7];[14, 14];checkbox
88;2022-01-13 12:54:47.899000+00:00;SZ4CZQDCuTdPno+y;click;P;[374, 377];['', ''];['', ''];
89;2022-01-13 12:54:53.513000+00:00;SZ4CZQDCuTdPno+y;click;INPUT;[350, 439];[13, 14];[14, 14];checkbox
90;2022-01-13 12:54:57.405000+00:00;SZ4CZQDCuTdPno+y;click;DIV;[351, 467];['', ''];['', ''];
91;2022-01-13 12:54:58.289000+00:00;SZ4CZQDCuTdPno+y;click;DIV;[344, 466];['', ''];['', ''];
92;2022-01-13 12:54:58.905000+00:00;SZ4CZQDCuTdPno+y;click;INPUT;[346, 463];[9, 12];[14, 14];checkbox
93;2022-01-13 12:55:02.672000+00:00;SZ4CZQDCuTdPno+y;click;INPUT;[348, 490];[11, 13];[14, 14];checkbox
94;2022-01-13 12:55:04.008000+00:00;SZ4CZQDCuTdPno+y;click;LI;[567, 539];['', ''];['', ''];
95;2022-01-13 12:55:13.054000+00:00;SZ4CZQDCuTdPno+y;click;P;[377, 362];['', ''];['', ''];
96;2022-01-13 12:55:13.245000+00:00;SZ4CZQDCuTdPno+y;click;P;[378, 362];['', ''];['', ''];
97;2022-01-13 12:55:16.603000+00:00;SZ4CZQDCuTdPno+y;click;P;[362, 362];['', ''];['', ''];
98;2022-01-13 12:55:16.786000+00:00;SZ4CZQDCuTdPno+y;click;P;[362, 362];['', ''];['', ''];
99;2022-01-13 12:55:30.122000+00:00;SZ4CZQDCuTdPno+y;click;P;[521, 358];['', ''];['', ''];
100;2022-01-13 12:55:31.381000+00:00;SZ4CZQDCuTdPno+y;click;INPUT;[349, 391];[12, 5];[14, 14];checkbox
101;2022-01-13 12:55:36.793000+00:00;SZ4CZQDCuTdPno+y;click;INPUT;[342, 447];[5, 9];[14, 14];checkbox
102;2022-01-13 12:55:43.428000+00:00;SZ4CZQDCuTdPno+y;click;NULL;[279, 465];['', ''];['', ''];
103;2022-01-13 12:55:47.246000+00:00;SZ4CZQDCuTdPno+y;click;P;[380, 350];['', ''];['', ''];
104;2022-01-13 12:55:47.423000+00:00;SZ4CZQDCuTdPno+y;click;P;[380, 350];['', ''];['', ''];
105;2022-01-13 12:55:54.878000+00:00;SZ4CZQDCuTdPno+y;click;NULL;[190, 395];['', ''];['', ''];
106;2022-01-13 12:55:57.887000+00:00;SZ4CZQDCuTdPno+y;click;INPUT;[342, 468];[5, 4];[14, 14];checkbox
107;2022-01-13 12:55:58.687000+00:00;SZ4CZQDCuTdPno+y;click;DIV;[306, 519];['', ''];['', ''];
108;2022-01-13 12:56:11.143000+00:00;SZ4CZQDCuTdPno+y;click;INPUT;[343, 177];[6, 13];[14, 14];checkbox
109;2022-01-13 12:56:11.605000+00:00;SZ4CZQDCuTdPno+y;click;DIV;[294, 262];['', ''];['', ''];
110;2022-01-13 12:56:15.983000+00:00;SZ4CZQDCuTdPno+y;click;INPUT;[343, 281];[6, 8];[14, 14];checkbox
111;2022-01-13 12:56:16.628000+00:00;SZ4CZQDCuTdPno+y;click;DIV;[354, 312];['', ''];['', ''];
112;2022-01-13 12:56:25.805000+00:00;SZ4CZQDCuTdPno+y;click;INPUT;[341, 336];[4, 11];[14, 14];checkbox
113;2022-01-13 12:56:28.870000+00:00;SZ4CZQDCuTdPno+y;click;LABEL;[386, 359];[26, 13];[515, 24];
114;2022-01-13 12:56:28.871000+00:00;SZ4CZQDCuTdPno+y;click;INPUT;[386, 359];[65, 1488];[14, 14];checkbox
115;2022-01-13 12:56:31.472000+00:00;SZ4CZQDCuTdPno+y;click;NULL;[190, 344];['', ''];['', ''];
116;2022-01-13 12:57:33.204000+00:00;SZ4CZQDCuTdPno+y;click;INPUT;[346, 519];[9, 7];[14, 14];checkbox
117;2022-01-13 12:57:33.861000+00:00;SZ4CZQDCuTdPno+y;click;NULL;[263, 559];['', ''];['', ''];
118;2022-01-13 12:57:35.337000+00:00;SZ4CZQDCuTdPno+y;click;DIV;[341, 555];['', ''];['', ''];
119;2022-01-13 12:57:35.902000+00:00;SZ4CZQDCuTdPno+y;click;INPUT;[345, 548];[8, 10];[14, 14];checkbox
120;2022-01-13 12:57:38.879000+00:00;SZ4CZQDCuTdPno+y;click;DIV;[294, 602];['', ''];['', ''];
121;2022-01-13 12:58:20.753000+00:00;SZ4CZQDCuTdPno+y;click;P;[365, 499];['', ''];['', ''];
122;2022-01-13 12:58:20.920000+00:00;SZ4CZQDCuTdPno+y;click;P;[365, 499];['', ''];['', ''];
123;2022-01-13 12:58:30.327000+00:00;SZ4CZQDCuTdPno+y;click;NULL;[223, 646];['', ''];['', ''];
124;2022-01-13 12:58:36.415000+00:00;SZ4CZQDCuTdPno+y;click;LABEL;[446, 589];[86, 17];[693, 24];
125;2022-01-13 12:58:36.416000+00:00;SZ4CZQDCuTdPno+y;click;INPUT;[446, 589];[125, 2053];[14, 14];checkbox
126;2022-01-13 12:58:39.189000+00:00;SZ4CZQDCuTdPno+y;click;NULL;[205, 511];['', ''];['', ''];
127;2022-01-13 12:58:46.961000+00:00;SZ4CZQDCuTdPno+y;click;INPUT;[347, 591];[10, 5];[14, 14];checkbox
128;2022-01-13 12:58:51.985000+00:00;SZ4CZQDCuTdPno+y;click;INPUT;[342, 566];[5, 6];[14, 14];checkbox
129;2022-01-13 12:59:04.097000+00:00;SZ4CZQDCuTdPno+y;click;INPUT;[349, 556];[12, 9];[14, 14];checkbox
130;2022-01-13 12:59:06.526000+00:00;SZ4CZQDCuTdPno+y;click;INPUT;[343, 582];[6, 9];[14, 14];checkbox
131;2022-01-13 12:59:14.318000+00:00;SZ4CZQDCuTdPno+y;click;INPUT;[339, 611];[2, 12];[14, 14];checkbox
132;2022-01-13 12:59:25.564000+00:00;SZ4CZQDCuTdPno+y;click;INPUT;[346, 632];[9, 7];[14, 14];checkbox
133;2022-01-13 12:59:26.322000+00:00;SZ4CZQDCuTdPno+y;click;INPUT;[347, 634];[10, 9];[14, 14];checkbox
134;2022-01-13 12:59:33.128000+00:00;SZ4CZQDCuTdPno+y;click;P;[380, 526];['', ''];['', ''];
135;2022-01-13 12:59:37.100000+00:00;SZ4CZQDCuTdPno+y;click;P;[385, 532];['', ''];['', ''];
136;2022-01-13 12:59:37.423000+00:00;SZ4CZQDCuTdPno+y;click;P;[384, 532];['', ''];['', ''];
137;2022-01-13 13:04:19.100000+00:00;SZ4CZQDCuTdPno+y;click;NULL;[196, 365];['', ''];['', ''];
138;2022-01-13 13:06:30.887000+00:00;SZ4CZQDCuTdPno+y;click;LABEL;[473, 367];[113, 12];[515, 24];
139;2022-01-13 13:06:31.810000+00:00;SZ4CZQDCuTdPno+y;click;DIV;[316, 375];['', ''];['', ''];
140;2022-01-13 13:06:32.332000+00:00;SZ4CZQDCuTdPno+y;click;INPUT;[348, 366];[11, 6];[14, 14];checkbox
141;2022-01-13 13:06:34.654000+00:00;SZ4CZQDCuTdPno+y;click;INPUT;[342, 474];[5, 10];[14, 14];checkbox
142;2022-01-13 13:07:34.588000+00:00;SZ4CZQDCuTdPno+y;click;P;[422, 619];['', ''];['', ''];
143;2022-01-13 13:07:34.946000+00:00;SZ4CZQDCuTdPno+y;click;P;[424, 618];['', ''];['', ''];
144;2022-01-13 13:07:38.787000+00:00;SZ4CZQDCuTdPno+y;click;INPUT;[628, 427];[115, 10];[185, 26];text
145;2022-01-13 13:07:39.511000+00:00;SZ4CZQDCuTdPno+y;click;DIV;[740, 396];['', ''];['', ''];
146;2022-01-13 13:08:04.194000+00:00;SZ4CZQDCuTdPno+y;click;P;[374, 296];['', ''];['', ''];
147;2022-01-13 13:08:04.344000+00:00;SZ4CZQDCuTdPno+y;click;P;[374, 296];['', ''];['', ''];
148;2022-01-13 13:08:06.531000+00:00;SZ4CZQDCuTdPno+y;click;INPUT;[606, 321];[93, 14];[185, 26];text
149;2022-01-13 13:08:07.851000+00:00;SZ4CZQDCuTdPno+y;click;P;[394, 359];['', ''];['', ''];
150;2022-01-13 13:08:08.005000+00:00;SZ4CZQDCuTdPno+y;click;P;[394, 359];['', ''];['', ''];
151;2022-01-13 13:08:08.643000+00:00;SZ4CZQDCuTdPno+y;click;INPUT;[653, 119];[140, 12];[185, 26];text
152;2022-01-13 13:08:10.367000+00:00;SZ4CZQDCuTdPno+y;click;LI;[913, 193];['', ''];['', ''];
153;2022-01-13 13:08:27.215000+00:00;SZ4CZQDCuTdPno+y;click;P;[361, 509];['', ''];['', ''];
154;2022-01-13 13:08:27.358000+00:00;SZ4CZQDCuTdPno+y;click;P;[361, 509];['', ''];['', ''];
155;2022-01-13 13:08:31.073000+00:00;SZ4CZQDCuTdPno+y;click;INPUT;[592, 508];[79, 20];[185, 26];text
156;2022-01-13 13:08:31.708000+00:00;SZ4CZQDCuTdPno+y;click;DIV;[807, 486];['', ''];['', ''];
157;2022-01-13 13:08:41.204000+00:00;SZ4CZQDCuTdPno+y;click;P;[379, 450];['', ''];['', ''];
158;2022-01-13 13:08:41.342000+00:00;SZ4CZQDCuTdPno+y;click;P;[379, 450];['', ''];['', ''];
159;2022-01-13 13:08:43.090000+00:00;SZ4CZQDCuTdPno+y;click;INPUT;[580, 557];[67, 11];[185, 26];text
160;2022-01-13 13:08:47.680000+00:00;SZ4CZQDCuTdPno+y;click;P;[423, 493];['', ''];['', ''];
161;2022-01-13 13:08:47.825000+00:00;SZ4CZQDCuTdPno+y;click;P;[423, 492];['', ''];['', ''];
162;2022-01-13 13:08:50.140000+00:00;SZ4CZQDCuTdPno+y;click;INPUT;[615, 463];[102, 17];[185, 26];text
163;2022-01-13 13:08:51.402000+00:00;SZ4CZQDCuTdPno+y;click;DIV;[924, 406];['', ''];['', ''];
164;2022-01-13 13:09:27.568000+00:00;SZ4CZQDCuTdPno+y;click;P;[374, 440];['', ''];['', ''];
165;2022-01-13 13:09:27.740000+00:00;SZ4CZQDCuTdPno+y;click;P;[374, 440];['', ''];['', ''];
166;2022-01-13 13:09:29.611000+00:00;SZ4CZQDCuTdPno+y;click;INPUT;[545, 270];[32, 19];[185, 26];text
167;2022-01-13 13:09:30.165000+00:00;SZ4CZQDCuTdPno+y;click;DIV;[896, 256];['', ''];['', ''];
168;2022-01-13 13:09:42.326000+00:00;SZ4CZQDCuTdPno+y;click;P;[404, 345];['', ''];['', ''];
169;2022-01-13 13:09:42.507000+00:00;SZ4CZQDCuTdPno+y;click;P;[404, 345];['', ''];['', ''];
170;2022-01-13 13:09:49.979000+00:00;SZ4CZQDCuTdPno+y;click;INPUT;[593, 604];[80, 24];[185, 26];text
171;2022-01-13 13:09:51.016000+00:00;SZ4CZQDCuTdPno+y;click;DIV;[977, 364];['', ''];['', ''];
172;2022-01-13 13:10:07.069000+00:00;SZ4CZQDCuTdPno+y;click;P;[434, 475];['', ''];['', ''];
173;2022-01-13 13:10:07.242000+00:00;SZ4CZQDCuTdPno+y;click;P;[434, 475];['', ''];['', ''];
174;2022-01-13 13:10:10.668000+00:00;SZ4CZQDCuTdPno+y;click;DIV;[990, 408];['', ''];['', ''];
175;2022-01-13 13:10:12.493000+00:00;SZ4CZQDCuTdPno+y;click;INPUT;[591, 410];[78, 1];[185, 26];text
176;2022-01-13 13:10:12.933000+00:00;SZ4CZQDCuTdPno+y;click;DIV;[975, 426];['', ''];['', ''];
177;2022-01-13 13:10:26.817000+00:00;SZ4CZQDCuTdPno+y;click;DIV;[474, 465];['', ''];['', ''];
178;2022-01-13 13:10:28.150000+00:00;SZ4CZQDCuTdPno+y;click;DIV;[880, 487];['', ''];['', ''];
179;2022-01-13 13:11:27.091000+00:00;SZ4CZQDCuTdPno+y;click;P;[404, 523];['', ''];['', ''];
180;2022-01-13 13:11:27.225000+00:00;SZ4CZQDCuTdPno+y;click;P;[405, 522];['', ''];['', ''];
181;2022-01-13 13:11:28.753000+00:00;SZ4CZQDCuTdPno+y;click;INPUT;[569, 526];[56, 19];[188, 26];text
182;2022-01-13 13:11:30.375000+00:00;SZ4CZQDCuTdPno+y;click;DIV;[941, 460];['', ''];['', ''];
183;2022-01-13 13:11:34.588000+00:00;SZ4CZQDCuTdPno+y;click;BUTTON;[1797, 904];[97, 14];[192, 36];
184;2022-01-13 13:12:04.080000+00:00;SZ4CZQDCuTdPno+y;click;NULL;[1931, 620];['', ''];['', ''];
185;2022-01-13 13:12:52.927000+00:00;SZ4CZQDCuTdPno+y;click;NULL;[1985, 905];['', ''];['', ''];
186;2022-01-13 13:12:55.439000+00:00;SZ4CZQDCuTdPno+y;click;BUTTON;[2027, 1011];[2028, 4068];[0, 0];
187;2022-01-13 13:13:21.681000+00:00;SZ4CZQDCuTdPno+y;click;LABEL;[543, 251];[43, 21];[65, 35];
188;2022-01-13 13:13:21.682000+00:00;SZ4CZQDCuTdPno+y;click;INPUT;[543, 251];[43, 22];[12, 12];radio
189;2022-01-13 13:13:49.823000+00:00;SZ4CZQDCuTdPno+y;click;DIV;[626, 365];['', ''];['', ''];
190;2022-01-13 13:13:59.651000+00:00;SZ4CZQDCuTdPno+y;click;INPUT;[527, 451];[28, 17];[12, 12];radio
191;2022-01-13 13:13:59.651000+00:00;SZ4CZQDCuTdPno+y;click;LABEL;[527, 451];[28, 16];[65, 35];
192;2022-01-13 13:14:00.891000+00:00;SZ4CZQDCuTdPno+y;click;DIV;[645, 591];['', ''];['', ''];
193;2022-01-13 13:14:12.989000+00:00;SZ4CZQDCuTdPno+y;click;LABEL;[453, 642];[27, 27];[72, 35];
194;2022-01-13 13:14:12.990000+00:00;SZ4CZQDCuTdPno+y;click;INPUT;[453, 642];[27, 28];[12, 12];radio
195;2022-01-13 13:14:13.572000+00:00;SZ4CZQDCuTdPno+y;click;DIV;[713, 731];['', ''];['', ''];
196;2022-01-13 13:14:15.426000+00:00;SZ4CZQDCuTdPno+y;click;DIV;[773, 545];['', ''];['', ''];
197;2022-01-13 13:14:23.414000+00:00;SZ4CZQDCuTdPno+y;click;LABEL;[447, 583];[21, 9];[72, 35];
198;2022-01-13 13:14:23.414000+00:00;SZ4CZQDCuTdPno+y;click;INPUT;[447, 583];[21, 11];[12, 12];radio
199;2022-01-13 13:14:24.688000+00:00;SZ4CZQDCuTdPno+y;click;INPUT;[551, 457];[123, 12];[193, 26];text
200;2022-01-13 13:14:25.138000+00:00;SZ4CZQDCuTdPno+y;click;DIV;[696, 435];['', ''];['', ''];
201;2022-01-13 13:14:26.333000+00:00;SZ4CZQDCuTdPno+y;click;INPUT;[575, 467];[147, 22];[193, 26];text
202;2022-01-13 13:14:26.789000+00:00;SZ4CZQDCuTdPno+y;click;DIV;[740, 465];['', ''];['', ''];
203;2022-01-13 13:15:00.439000+00:00;SZ4CZQDCuTdPno+y;click;DIV;[926, 416];['', ''];['', ''];
204;2022-01-13 13:15:14.430000+00:00;SZ4CZQDCuTdPno+y;click;INPUT;[590, 464];[162, 18];[193, 26];text
205;2022-01-13 13:15:20.515000+00:00;SZ4CZQDCuTdPno+y;click;DIV;[844, 468];['', ''];['', ''];
206;2022-01-13 13:15:29.519000+00:00;SZ4CZQDCuTdPno+y;click;INPUT;[1072, 456];[102, 11];[193, 26];text
207;2022-01-13 13:15:43.417000+00:00;SZ4CZQDCuTdPno+y;click;DIV;[786, 457];['', ''];['', ''];
208;2022-01-13 13:15:44.133000+00:00;SZ4CZQDCuTdPno+y;click;DIV;[801, 436];['', ''];['', ''];
209;2022-01-13 13:15:44.369000+00:00;SZ4CZQDCuTdPno+y;click;DIV;[801, 436];['', ''];['', ''];
210;2022-01-13 13:15:44.617000+00:00;SZ4CZQDCuTdPno+y;click;DIV;[801, 436];['', ''];['', ''];
211;2022-01-13 13:15:45.090000+00:00;SZ4CZQDCuTdPno+y;click;DIV;[840, 468];['', ''];['', ''];
212;2022-01-13 13:15:48.435000+00:00;SZ4CZQDCuTdPno+y;click;INPUT;[1031, 454];[61, 8];[193, 26];text
213;2022-01-13 13:15:48.995000+00:00;SZ4CZQDCuTdPno+y;click;DIV;[826, 472];['', ''];['', ''];
214;2022-01-13 13:16:17.196000+00:00;SZ4CZQDCuTdPno+y;click;DIV;[608, 566];['', ''];['', ''];
215;2022-01-13 13:16:17.401000+00:00;SZ4CZQDCuTdPno+y;click;DIV;[608, 566];['', ''];['', ''];
216;2022-01-13 13:16:45.501000+00:00;SZ4CZQDCuTdPno+y;click;DIV;[967, 524];['', ''];['', ''];
217;2022-01-13 13:16:54.833000+00:00;SZ4CZQDCuTdPno+y;click;DIV;[712, 482];['', ''];['', ''];
218;2022-01-13 13:17:11.873000+00:00;SZ4CZQDCuTdPno+y;click;INPUT;[516, 662];[89, 5];[13, 13];checkbox
219;2022-01-13 13:17:11.873000+00:00;SZ4CZQDCuTdPno+y;click;LABEL;[516, 662];[66, 11];[170, 24];
220;2022-01-13 13:17:13.640000+00:00;SZ4CZQDCuTdPno+y;click;LABEL;[537, 667];[87, 16];[170, 24];
221;2022-01-13 13:17:13.641000+00:00;SZ4CZQDCuTdPno+y;click;INPUT;[537, 667];[110, 11];[13, 13];checkbox
222;2022-01-13 13:17:13.998000+00:00;SZ4CZQDCuTdPno+y;click;LABEL;[537, 667];[87, 16];[170, 24];
223;2022-01-13 13:17:13.999000+00:00;SZ4CZQDCuTdPno+y;click;INPUT;[537, 667];[110, 11];[13, 13];checkbox
224;2022-01-13 13:17:14.538000+00:00;SZ4CZQDCuTdPno+y;click;DIV;[577, 732];['', ''];['', ''];
225;2022-01-13 13:17:16.591000+00:00;SZ4CZQDCuTdPno+y;click;LABEL;[536, 615];[86, 16];[213, 24];
226;2022-01-13 13:17:16.592000+00:00;SZ4CZQDCuTdPno+y;click;INPUT;[536, 615];[109, 11];[13, 13];checkbox
227;2022-01-13 13:17:17.865000+00:00;SZ4CZQDCuTdPno+y;click;LABEL;[558, 646];[109, 21];[208, 24];
228;2022-01-13 13:17:18.320000+00:00;SZ4CZQDCuTdPno+y;click;LABEL;[564, 643];[114, 18];[208, 24];
229;2022-01-13 13:17:18.755000+00:00;SZ4CZQDCuTdPno+y;click;LABEL;[567, 635];[117, 10];[208, 24];
230;2022-01-13 13:17:19.439000+00:00;SZ4CZQDCuTdPno+y;click;DIV;[507, 652];['', ''];['', ''];
231;2022-01-13 13:17:19.803000+00:00;SZ4CZQDCuTdPno+y;click;LABEL;[476, 627];[26, 2];[208, 24];
232;2022-01-13 13:17:20.395000+00:00;SZ4CZQDCuTdPno+y;click;DIV;[440, 646];['', ''];['', ''];
233;2022-01-13 13:17:20.832000+00:00;SZ4CZQDCuTdPno+y;click;INPUT;[434, 641];[7, 10];[13, 13];checkbox
234;2022-01-13 13:17:24.480000+00:00;SZ4CZQDCuTdPno+y;click;LABEL;[450, 633];[0, 8];[208, 24];
235;2022-01-13 13:17:24.914000+00:00;SZ4CZQDCuTdPno+y;click;INPUT;[442, 634];[15, 4];[13, 13];checkbox
236;2022-01-13 13:17:26.351000+00:00;SZ4CZQDCuTdPno+y;click;DIV;[557, 727];['', ''];['', ''];
237;2022-01-13 13:17:35.357000+00:00;SZ4CZQDCuTdPno+y;click;INPUT;[436, 628];[9, -2];[13, 13];checkbox
238;2022-01-13 13:17:35.939000+00:00;SZ4CZQDCuTdPno+y;click;DIV;[547, 720];['', ''];['', ''];
239;2022-01-13 13:19:33.114000+00:00;SZ4CZQDCuTdPno+y;click;LABEL;[1061, 864];[611, 18];[1033, 24];
240;2022-01-13 13:19:33.115000+00:00;SZ4CZQDCuTdPno+y;click;INPUT;[1061, 864];[634, 13];[13, 13];radio
241;2022-01-13 13:19:36.522000+00:00;SZ4CZQDCuTdPno+y;click;BUTTON;[1951, 1000];[40, 6];[192, 35];
242;2022-01-13 13:20:03.938000+00:00;SZ4CZQDCuTdPno+y;click;NULL;[1954, 725];['', ''];['', ''];
243;2022-01-13 13:20:08.574000+00:00;SZ4CZQDCuTdPno+y;click;BUTTON;[2032, 1014];[2032, 1756];[0, 0];
244;2022-01-13 13:20:19.329000+00:00;SZ4CZQDCuTdPno+y;click;DIV;[522, 194];['', ''];['', ''];
245;2022-01-13 13:20:19.495000+00:00;SZ4CZQDCuTdPno+y;click;DIV;[522, 194];['', ''];['', ''];
246;2022-01-13 13:20:33.062000+00:00;SZ4CZQDCuTdPno+y;click;INPUT;[496, 308];[69, -3];[13, 13];radio
247;2022-01-13 13:20:33.062000+00:00;SZ4CZQDCuTdPno+y;click;LABEL;[496, 308];[46, 2];[90, 24];
248;2022-01-13 13:20:35.327000+00:00;SZ4CZQDCuTdPno+y;click;DIV;[522, 136];['', ''];['', ''];
249;2022-01-13 13:21:06.622000+00:00;SZ4CZQDCuTdPno+y;click;NULL;[250, 304];['', ''];['', ''];
250;2022-01-13 13:21:07.698000+00:00;SZ4CZQDCuTdPno+y;click;INPUT;[532, 291];[105, 7];[13, 13];radio
251;2022-01-13 13:21:07.698000+00:00;SZ4CZQDCuTdPno+y;click;LABEL;[532, 291];[82, 12];[547, 24];
252;2022-01-13 13:21:08.924000+00:00;SZ4CZQDCuTdPno+y;click;NULL;[314, 294];['', ''];['', ''];
253;2022-01-13 13:21:21.092000+00:00;SZ4CZQDCuTdPno+y;click;LABEL;[757, 318];[307, 14];[562, 24];
254;2022-01-13 13:21:21.092000+00:00;SZ4CZQDCuTdPno+y;click;INPUT;[757, 318];[330, 8];[13, 13];radio
255;2022-01-13 13:21:22.182000+00:00;SZ4CZQDCuTdPno+y;click;NULL;[341, 358];['', ''];['', ''];
256;2022-01-13 13:23:00.603000+00:00;SZ4CZQDCuTdPno+y;click;INPUT;[564, 563];[102, 12];[193, 26];text
257;2022-01-13 13:23:03.909000+00:00;SZ4CZQDCuTdPno+y;click;INPUT;[623, 236];[108, 8];[193, 26];text
258;2022-01-13 13:23:15.737000+00:00;SZ4CZQDCuTdPno+y;click;INPUT;[544, 288];[29, 0];[193, 26];text
259;2022-01-13 13:23:16.056000+00:00;SZ4CZQDCuTdPno+y;click;INPUT;[558, 257];[44, -1];[193, 26];text
260;2022-01-13 13:23:18.082000+00:00;SZ4CZQDCuTdPno+y;click;INPUT;[563, 276];[48, 18];[193, 26];text
261;2022-01-13 13:23:29.054000+00:00;SZ4CZQDCuTdPno+y;click;INPUT;[547, 341];[33, 22];[193, 26];text
262;2022-01-13 13:23:35.963000+00:00;SZ4CZQDCuTdPno+y;click;INPUT;[616, 351];[102, 2];[193, 26];text
263;2022-01-13 13:23:42.723000+00:00;SZ4CZQDCuTdPno+y;click;INPUT;[574, 382];[59, 3];[193, 26];text
264;2022-01-13 13:23:49.708000+00:00;SZ4CZQDCuTdPno+y;click;DIV;[1067, 313];['', ''];['', ''];
265;2022-01-13 13:24:30.906000+00:00;SZ4CZQDCuTdPno+y;click;NULL;[246, 133];['', ''];['', ''];
266;2022-01-13 13:24:36.732000+00:00;SZ4CZQDCuTdPno+y;click;DIV;[428, 133];['', ''];['', ''];
267;2022-01-13 13:24:37.169000+00:00;SZ4CZQDCuTdPno+y;click;INPUT;[437, 113];[10, 3];[13, 13];checkbox
268;2022-01-13 13:24:38.975000+00:00;SZ4CZQDCuTdPno+y;click;NULL;[328, 230];['', ''];['', ''];
269;2022-01-13 13:24:46.331000+00:00;SZ4CZQDCuTdPno+y;click;INPUT;[430, 145];[3, 9];[13, 13];checkbox
270;2022-01-13 13:24:46.976000+00:00;SZ4CZQDCuTdPno+y;click;DIV;[397, 213];['', ''];['', ''];
271;2022-01-13 13:24:52.061000+00:00;SZ4CZQDCuTdPno+y;click;LABEL;[485, 176];[35, 19];[1237, 47];
272;2022-01-13 13:24:52.061000+00:00;SZ4CZQDCuTdPno+y;click;INPUT;[485, 176];[58, 14];[13, 13];checkbox
273;2022-01-13 13:24:52.552000+00:00;SZ4CZQDCuTdPno+y;click;NULL;[338, 267];['', ''];['', ''];
274;2022-01-13 13:25:43.612000+00:00;SZ4CZQDCuTdPno+y;click;DIV;[1464, 483];['', ''];['', ''];
275;2022-01-13 13:25:46.388000+00:00;SZ4CZQDCuTdPno+y;click;DIV;[692, 594];['', ''];['', ''];
276;2022-01-13 13:25:46.878000+00:00;SZ4CZQDCuTdPno+y;click;DIV;[756, 560];['', ''];['', ''];
277;2022-01-13 13:25:50.056000+00:00;SZ4CZQDCuTdPno+y;click;DIV;[662, 575];['', ''];['', ''];
278;2022-01-13 13:25:51.687000+00:00;SZ4CZQDCuTdPno+y;click;DIV;[663, 558];['', ''];['', ''];
279;2022-01-13 13:25:52.844000+00:00;SZ4CZQDCuTdPno+y;click;DIV;[1461, 554];['', ''];['', ''];
280;2022-01-13 13:27:56.341000+00:00;SZ4CZQDCuTdPno+y;click;DIV;[828, 574];['', ''];['', ''];
281;2022-01-13 13:28:14.097000+00:00;SZ4CZQDCuTdPno+y;click;DIV;[820, 520];['', ''];['', ''];
282;2022-01-13 13:28:21.766000+00:00;SZ4CZQDCuTdPno+y;click;INPUT;[661, 746];[130, 23];[193, 26];text
283;2022-01-13 13:28:54.854000+00:00;SZ4CZQDCuTdPno+y;click;INPUT;[557, 902];[27, 6];[193, 26];text
284;2022-01-13 13:28:58.688000+00:00;SZ4CZQDCuTdPno+y;click;DIV;[463, 742];['', ''];['', ''];
285;2022-01-13 13:28:59.049000+00:00;SZ4CZQDCuTdPno+y;click;INPUT;[651, 742];[120, 19];[193, 26];text
286;2022-01-13 13:28:59.224000+00:00;SZ4CZQDCuTdPno+y;click;INPUT;[652, 742];[121, 19];[193, 26];text
287;2022-01-13 13:28:59.337000+00:00;SZ4CZQDCuTdPno+y;click;INPUT;[652, 742];[121, 19];[193, 26];text
288;2022-01-13 13:28:59.740000+00:00;SZ4CZQDCuTdPno+y;click;DIV;[957, 767];['', ''];['', ''];
289;2022-01-13 13:29:04.663000+00:00;SZ4CZQDCuTdPno+y;click;INPUT;[672, 733];[141, 10];[193, 26];text
290;2022-01-13 13:29:34.643000+00:00;SZ4CZQDCuTdPno+y;click;DIV;[593, 581];['', ''];['', ''];
291;2022-01-13 13:29:34.911000+00:00;SZ4CZQDCuTdPno+y;click;INPUT;[626, 557];[165, 7];[193, 26];text
292;2022-01-13 13:29:47.214000+00:00;SZ4CZQDCuTdPno+y;click;HTML;[1970, 990];['', ''];['', ''];
293;2022-01-13 13:29:47.449000+00:00;SZ4CZQDCuTdPno+y;click;BUTTON;[1971, 998];[60, 5];[192, 35];
294;2022-01-13 13:30:02.850000+00:00;SZ4CZQDCuTdPno+y;click;NULL;[2001, 392];['', ''];['', ''];
295;2022-01-13 13:30:12.610000+00:00;SZ4CZQDCuTdPno+y;click;NULL;[1861, 494];['', ''];['', ''];
296;2022-01-13 13:30:13.531000+00:00;SZ4CZQDCuTdPno+y;click;BUTTON;[2022, 1006];[2022, 1964];[0, 0];
297;2022-01-13 13:31:58.129000+00:00;SZ4CZQDCuTdPno+y;click;LABEL;[676, 587];[226, 14];[426, 24];
298;2022-01-13 13:31:58.129000+00:00;SZ4CZQDCuTdPno+y;click;INPUT;[676, 587];[249, 9];[13, 13];radio
299;2022-01-13 13:32:01.024000+00:00;SZ4CZQDCuTdPno+y;click;INPUT;[600, 607];[173, 3];[13, 13];radio
300;2022-01-13 13:32:01.024000+00:00;SZ4CZQDCuTdPno+y;click;LABEL;[600, 607];[150, 8];[297, 24];
301;2022-01-13 13:32:01.726000+00:00;SZ4CZQDCuTdPno+y;click;LABEL;[556, 587];[106, 14];[426, 24];
302;2022-01-13 13:32:01.726000+00:00;SZ4CZQDCuTdPno+y;click;INPUT;[556, 587];[129, 9];[13, 13];radio
303;2022-01-13 13:32:10.852000+00:00;SZ4CZQDCuTdPno+y;click;LABEL;[582, 612];[132, 12];[297, 24];
304;2022-01-13 13:32:10.853000+00:00;SZ4CZQDCuTdPno+y;click;INPUT;[582, 612];[155, 7];[13, 13];radio
305;2022-01-13 13:32:23.377000+00:00;SZ4CZQDCuTdPno+y;click;DIV;[528, 707];['', ''];['', ''];
306;2022-01-13 13:32:35.421000+00:00;SZ4CZQDCuTdPno+y;click;LABEL;[701, 807];[251, 14];[738, 24];
307;2022-01-13 13:32:35.422000+00:00;SZ4CZQDCuTdPno+y;click;INPUT;[701, 807];[274, 527];[13, 13];checkbox
308;2022-01-13 13:32:36.417000+00:00;SZ4CZQDCuTdPno+y;click;LABEL;[616, 806];[166, 12];[738, 24];
309;2022-01-13 13:32:36.418000+00:00;SZ4CZQDCuTdPno+y;click;INPUT;[616, 806];[189, 526];[13, 13];checkbox
310;2022-01-13 13:32:37.113000+00:00;SZ4CZQDCuTdPno+y;click;LABEL;[616, 805];[166, 11];[738, 24];
311;2022-01-13 13:32:37.114000+00:00;SZ4CZQDCuTdPno+y;click;INPUT;[616, 805];[189, 525];[13, 13];checkbox
312;2022-01-13 13:32:37.549000+00:00;SZ4CZQDCuTdPno+y;click;LABEL;[616, 805];[166, 11];[738, 24];
313;2022-01-13 13:32:37.550000+00:00;SZ4CZQDCuTdPno+y;click;INPUT;[616, 805];[189, 525];[13, 13];checkbox
314;2022-01-13 13:32:38.249000+00:00;SZ4CZQDCuTdPno+y;click;NULL;[368, 785];['', ''];['', ''];
315;2022-01-13 13:32:38.917000+00:00;SZ4CZQDCuTdPno+y;click;INPUT;[433, 806];[6, 7];[13, 13];checkbox
316;2022-01-13 13:32:53.413000+00:00;SZ4CZQDCuTdPno+y;click;DIV;[443, 861];['', ''];['', ''];
317;2022-01-13 13:32:53.837000+00:00;SZ4CZQDCuTdPno+y;click;DIV;[443, 861];['', ''];['', ''];
318;2022-01-13 13:32:54.179000+00:00;SZ4CZQDCuTdPno+y;click;INPUT;[438, 861];[11, 10];[13, 13];checkbox
319;2022-01-13 13:32:54.592000+00:00;SZ4CZQDCuTdPno+y;click;NULL;[373, 862];['', ''];['', ''];
320;2022-01-13 13:32:57.509000+00:00;SZ4CZQDCuTdPno+y;click;INPUT;[433, 876];[6, -1];[13, 13];checkbox
321;2022-01-13 13:32:57.848000+00:00;SZ4CZQDCuTdPno+y;click;INPUT;[437, 857];[10, 6];[13, 13];checkbox
322;2022-01-13 13:33:01.013000+00:00;SZ4CZQDCuTdPno+y;click;DIV;[443, 908];['', ''];['', ''];
323;2022-01-13 13:33:03.027000+00:00;SZ4CZQDCuTdPno+y;click;INPUT;[440, 908];[13, 6];[13, 13];checkbox
324;2022-01-13 13:33:05.089000+00:00;SZ4CZQDCuTdPno+y;click;INPUT;[434, 906];[7, 3];[13, 13];checkbox
325;2022-01-13 13:33:06.800000+00:00;SZ4CZQDCuTdPno+y;click;INPUT;[432, 913];[5, 10];[13, 13];checkbox
326;2022-01-13 13:33:09.202000+00:00;SZ4CZQDCuTdPno+y;click;DIV;[564, 538];['', ''];['', ''];
327;2022-01-13 13:33:13.270000+00:00;SZ4CZQDCuTdPno+y;click;LABEL;[871, 618];[421, 10];[738, 24];
328;2022-01-13 13:33:13.271000+00:00;SZ4CZQDCuTdPno+y;click;INPUT;[871, 618];[444, 5];[13, 13];checkbox
329;2022-01-13 13:33:16.394000+00:00;SZ4CZQDCuTdPno+y;click;LABEL;[846, 625];[396, 17];[738, 24];
330;2022-01-13 13:33:16.395000+00:00;SZ4CZQDCuTdPno+y;click;INPUT;[846, 625];[419, 12];[13, 13];checkbox
331;2022-01-13 13:33:27.641000+00:00;SZ4CZQDCuTdPno+y;click;LABEL;[905, 752];[455, 15];[531, 24];
332;2022-01-13 13:33:27.641000+00:00;SZ4CZQDCuTdPno+y;click;INPUT;[905, 752];[478, 10];[13, 13];checkbox
333;2022-01-13 13:33:30.844000+00:00;SZ4CZQDCuTdPno+y;click;LABEL;[736, 726];[286, 15];[478, 24];
334;2022-01-13 13:33:31.623000+00:00;SZ4CZQDCuTdPno+y;click;LABEL;[582, 731];[132, 20];[478, 24];
335;2022-01-13 13:33:32.037000+00:00;SZ4CZQDCuTdPno+y;click;LABEL;[480, 715];[30, 4];[478, 24];
336;2022-01-13 13:33:32.439000+00:00;SZ4CZQDCuTdPno+y;click;INPUT;[438, 722];[11, 6];[13, 13];checkbox
337;2022-01-13 13:33:33.373000+00:00;SZ4CZQDCuTdPno+y;click;DIV;[622, 794];['', ''];['', ''];
338;2022-01-13 13:33:46.176000+00:00;SZ4CZQDCuTdPno+y;click;LABEL;[730, 667];[280, 9];[647, 24];
339;2022-01-13 13:33:46.177000+00:00;SZ4CZQDCuTdPno+y;click;INPUT;[730, 667];[303, 4];[13, 13];checkbox
340;2022-01-13 13:33:49.640000+00:00;SZ4CZQDCuTdPno+y;click;DIV;[653, 612];['', ''];['', ''];
341;2022-01-13 13:33:51.888000+00:00;SZ4CZQDCuTdPno+y;click;BUTTON;[2040, 1002];[129, 8];[192, 35];
342;2022-01-13 13:34:09.148000+00:00;SZ4CZQDCuTdPno+y;click;NULL;[1846, 550];['', ''];['', ''];
343;2022-01-13 13:34:16.762000+00:00;SZ4CZQDCuTdPno+y;click;BUTTON;[2053, 1007];[2053, 1771];[0, 0];
344;2022-01-13 13:34:32.248000+00:00;SZ4CZQDCuTdPno+y;click;NULL;[291, 505];['', ''];['', ''];
345;2022-01-13 13:34:49.345000+00:00;SZ4CZQDCuTdPno+y;click;LABEL;[528, 318];[79, 12];[227, 24];
346;2022-01-13 13:34:49.346000+00:00;SZ4CZQDCuTdPno+y;click;INPUT;[528, 318];[101, 7];[13, 13];radio
347;2022-01-13 13:34:56.805000+00:00;SZ4CZQDCuTdPno+y;click;INPUT;[611, 150];[184, 3];[13, 13];radio
348;2022-01-13 13:34:56.805000+00:00;SZ4CZQDCuTdPno+y;click;LABEL;[611, 150];[161, 8];[257, 24];
349;2022-01-13 13:35:11.056000+00:00;SZ4CZQDCuTdPno+y;click;DIV;[492, 110];['', ''];['', ''];
350;2022-01-13 13:35:12.718000+00:00;SZ4CZQDCuTdPno+y;click;DIV;[830, 112];['', ''];['', ''];
351;2022-01-13 13:35:39.537000+00:00;SZ4CZQDCuTdPno+y;click;NULL;[292, 255];['', ''];['', ''];
352;2022-01-13 13:36:15.337000+00:00;SZ4CZQDCuTdPno+y;click;NULL;[251, 544];['', ''];['', ''];
353;2022-01-13 13:36:15.725000+00:00;SZ4CZQDCuTdPno+y;click;NULL;[257, 530];['', ''];['', ''];
354;2022-01-13 13:36:18.709000+00:00;SZ4CZQDCuTdPno+y;click;LABEL;[484, 547];[34, 14];[92, 24];
355;2022-01-13 13:36:18.709000+00:00;SZ4CZQDCuTdPno+y;click;INPUT;[484, 547];[57, 9];[13, 13];radio
356;2022-01-13 13:36:18.883000+00:00;SZ4CZQDCuTdPno+y;click;LABEL;[484, 547];[34, 14];[92, 24];
357;2022-01-13 13:36:18.884000+00:00;SZ4CZQDCuTdPno+y;click;INPUT;[484, 547];[57, 9];[13, 13];radio
358;2022-01-13 13:36:34.016000+00:00;SZ4CZQDCuTdPno+y;click;DIV;[655, 385];['', ''];['', ''];
359;2022-01-13 13:38:02.789000+00:00;SZ4CZQDCuTdPno+y;click;LABEL;[518, 311];[69, 13];[122, 24];
360;2022-01-13 13:38:02.790000+00:00;SZ4CZQDCuTdPno+y;click;INPUT;[518, 311];[91, 8];[13, 13];radio
361;2022-01-13 13:38:03.861000+00:00;SZ4CZQDCuTdPno+y;click;NULL;[366, 330];['', ''];['', ''];
362;2022-01-13 13:38:21.897000+00:00;SZ4CZQDCuTdPno+y;click;LABEL;[506, 156];[56, 8];[182, 24];
363;2022-01-13 13:38:21.898000+00:00;SZ4CZQDCuTdPno+y;click;INPUT;[506, 156];[79, 3];[13, 13];radio
364;2022-01-13 13:38:22.782000+00:00;SZ4CZQDCuTdPno+y;click;NULL;[336, 146];['', ''];['', ''];
365;2022-01-13 13:38:35.352000+00:00;SZ4CZQDCuTdPno+y;click;INPUT;[436, 458];[9, 7];[13, 13];checkbox
366;2022-01-13 13:38:36.674000+00:00;SZ4CZQDCuTdPno+y;click;INPUT;[435, 485];[8, 8];[13, 13];checkbox
367;2022-01-13 13:38:37.384000+00:00;SZ4CZQDCuTdPno+y;click;INPUT;[441, 504];[14, 0];[13, 13];checkbox
368;2022-01-13 13:38:40.003000+00:00;SZ4CZQDCuTdPno+y;click;INPUT;[432, 566];[5, 11];[13, 13];checkbox
369;2022-01-13 13:38:44.791000+00:00;SZ4CZQDCuTdPno+y;click;NULL;[342, 615];['', ''];['', ''];
370;2022-01-13 13:38:48.158000+00:00;SZ4CZQDCuTdPno+y;click;INPUT;[435, 540];[8, 10];[13, 13];checkbox
371;2022-01-13 13:38:48.563000+00:00;SZ4CZQDCuTdPno+y;click;NULL;[338, 566];['', ''];['', ''];
372;2022-01-13 13:38:52.357000+00:00;SZ4CZQDCuTdPno+y;click;DIV;[524, 594];['', ''];['', ''];
373;2022-01-13 13:39:10.923000+00:00;SZ4CZQDCuTdPno+y;click;LABEL;[615, 598];[165, 22];[222, 24];
374;2022-01-13 13:39:10.924000+00:00;SZ4CZQDCuTdPno+y;click;INPUT;[615, 598];[188, 17];[13, 13];checkbox
375;2022-01-13 13:39:11.675000+00:00;SZ4CZQDCuTdPno+y;click;NULL;[311, 611];['', ''];['', ''];
376;2022-01-13 13:39:32.070000+00:00;SZ4CZQDCuTdPno+y;click;LABEL;[1185, 853];[735, 6];[994, 24];
377;2022-01-13 13:39:32.071000+00:00;SZ4CZQDCuTdPno+y;click;INPUT;[1185, 853];[758, 1];[13, 13];radio
378;2022-01-13 13:39:39.585000+00:00;SZ4CZQDCuTdPno+y;click;INPUT;[802, 900];[375, 22];[13, 13];radio
379;2022-01-13 13:39:39.585000+00:00;SZ4CZQDCuTdPno+y;click;LABEL;[802, 900];[352, 27];[1237, 47];
380;2022-01-13 13:39:40.635000+00:00;SZ4CZQDCuTdPno+y;click;DIV;[870, 930];['', ''];['', ''];
381;2022-01-13 13:39:53.429000+00:00;SZ4CZQDCuTdPno+y;click;BUTTON;[1991, 1005];[80, 12];[192, 35];
382;2022-01-13 13:40:18.720000+00:00;SZ4CZQDCuTdPno+y;click;NULL;[2499, 730];['', ''];['', ''];
383;2022-01-13 13:40:28.451000+00:00;SZ4CZQDCuTdPno+y;click;NULL;[1798, 676];['', ''];['', ''];
384;2022-01-13 13:40:29.014000+00:00;SZ4CZQDCuTdPno+y;click;BUTTON;[1856, 907];[1856, 2490];[0, 0];
385;2022-01-13 13:40:44.858000+00:00;SZ4CZQDCuTdPno+y;click;DIV;[464, 195];['', ''];['', ''];
386;2022-01-13 13:41:05.874000+00:00;SZ4CZQDCuTdPno+y;click;DIV;[634, 191];['', ''];['', ''];
387;2022-01-13 13:41:06.509000+00:00;SZ4CZQDCuTdPno+y;click;DIV;[636, 192];['', ''];['', ''];
388;2022-01-13 13:41:06.939000+00:00;SZ4CZQDCuTdPno+y;click;DIV;[737, 186];['', ''];['', ''];
389;2022-01-13 13:41:39.566000+00:00;SZ4CZQDCuTdPno+y;click;BUTTON;[1812, 758];[95, 13];[192, 36];
390;2022-01-20 12:51:35.135000+00:00;SZ4CZQDCuTdPno+y;click;INPUT;[605, 246];[92, 7];[185, 26];text
391;2022-01-20 12:51:35.789000+00:00;SZ4CZQDCuTdPno+y;click;H1;[549, 93];['', ''];['', ''];
392;2022-01-20 12:51:46.202000+00:00;SZ4CZQDCuTdPno+y;click;DIV;[778, 187];['', ''];['', ''];
393;2022-01-20 12:51:46.341000+00:00;SZ4CZQDCuTdPno+y;click;DIV;[778, 187];['', ''];['', ''];
394;2022-01-20 12:52:05.535000+00:00;SZ4CZQDCuTdPno+y;click;H1;[1522, 97];['', ''];['', ''];
395;2022-01-20 12:52:42.736000+00:00;SZ4CZQDCuTdPno+y;click;DIV;[856, 242];['', ''];['', ''];
396;2022-01-20 12:52:42.921000+00:00;SZ4CZQDCuTdPno+y;click;DIV;[856, 242];['', ''];['', ''];
397;2022-01-20 12:52:43.054000+00:00;SZ4CZQDCuTdPno+y;click;DIV;[857, 242];['', ''];['', ''];
398;2022-01-20 12:52:43.355000+00:00;SZ4CZQDCuTdPno+y;click;LI;[1060, 233];['', ''];['', ''];
399;2022-01-20 12:52:43.865000+00:00;SZ4CZQDCuTdPno+y;click;DIV;[1171, 278];['', ''];['', ''];
400;2022-01-20 12:52:44.184000+00:00;SZ4CZQDCuTdPno+y;click;DIV;[1162, 268];['', ''];['', ''];
401;2022-01-20 12:52:44.592000+00:00;SZ4CZQDCuTdPno+y;click;LI;[1270, 266];['', ''];['', ''];
402;2022-01-20 12:52:44.773000+00:00;SZ4CZQDCuTdPno+y;click;DIV;[1270, 266];['', ''];['', ''];
403;2022-01-20 12:52:45.168000+00:00;SZ4CZQDCuTdPno+y;click;DIV;[1363, 276];['', ''];['', ''];
404;2022-01-20 12:52:45.351000+00:00;SZ4CZQDCuTdPno+y;click;DIV;[1363, 276];['', ''];['', ''];
405;2022-01-20 12:52:45.950000+00:00;SZ4CZQDCuTdPno+y;click;DIV;[1306, 276];['', ''];['', ''];
406;2022-01-20 12:52:46.282000+00:00;SZ4CZQDCuTdPno+y;click;DIV;[1297, 269];['', ''];['', ''];
407;2022-01-20 12:52:46.883000+00:00;SZ4CZQDCuTdPno+y;click;DIV;[1335, 277];['', ''];['', ''];
408;2022-01-20 12:52:47.112000+00:00;SZ4CZQDCuTdPno+y;click;DIV;[1335, 277];['', ''];['', ''];
409;2022-01-20 12:52:47.828000+00:00;SZ4CZQDCuTdPno+y;click;DIV;[1269, 279];['', ''];['', ''];
410;2022-01-20 12:52:48.166000+00:00;SZ4CZQDCuTdPno+y;click;DIV;[992, 260];['', ''];['', ''];
411;2022-01-20 12:52:49.399000+00:00;SZ4CZQDCuTdPno+y;click;LI;[327, 280];['', ''];['', ''];
412;2022-01-20 12:52:49.996000+00:00;SZ4CZQDCuTdPno+y;click;DIV;[845, 282];['', ''];['', ''];
413;2022-01-20 12:52:50.199000+00:00;SZ4CZQDCuTdPno+y;click;DIV;[845, 282];['', ''];['', ''];
414;2022-01-20 12:52:50.358000+00:00;SZ4CZQDCuTdPno+y;click;DIV;[845, 282];['', ''];['', ''];
415;2022-01-20 12:52:50.990000+00:00;SZ4CZQDCuTdPno+y;click;DIV;[922, 253];['', ''];['', ''];
416;2022-01-20 12:53:28.069000+00:00;SZ4CZQDCuTdPno+y;click;NULL;[177, 208];['', ''];['', ''];
417;2022-01-20 12:53:46.446000+00:00;SZ4CZQDCuTdPno+y;click;DIV;[1095, 238];['', ''];['', ''];
418;2022-01-20 12:53:57.286000+00:00;SZ4CZQDCuTdPno+y;click;DIV;[1159, 328];['', ''];['', ''];
419;2022-01-20 12:53:57.490000+00:00;SZ4CZQDCuTdPno+y;click;DIV;[1178, 327];['', ''];['', ''];
420;2022-01-20 12:53:57.755000+00:00;SZ4CZQDCuTdPno+y;click;DIV;[1160, 324];['', ''];['', ''];
421;2022-01-20 12:53:57.924000+00:00;SZ4CZQDCuTdPno+y;click;DIV;[1160, 324];['', ''];['', ''];
422;2022-01-20 12:53:58.067000+00:00;SZ4CZQDCuTdPno+y;click;DIV;[1160, 324];['', ''];['', ''];
423;2022-01-20 12:53:58.323000+00:00;SZ4CZQDCuTdPno+y;click;DIV;[1263, 320];['', ''];['', ''];
424;2022-01-20 12:53:58.513000+00:00;SZ4CZQDCuTdPno+y;click;DIV;[1264, 320];['', ''];['', ''];
425;2022-01-20 12:53:58.680000+00:00;SZ4CZQDCuTdPno+y;click;DIV;[1265, 321];['', ''];['', ''];
426;2022-01-20 12:53:59.143000+00:00;SZ4CZQDCuTdPno+y;click;DIV;[669, 339];['', ''];['', ''];
427;2022-01-20 12:53:59.605000+00:00;SZ4CZQDCuTdPno+y;click;LI;[1124, 303];['', ''];['', ''];
428;2022-01-20 12:53:59.785000+00:00;SZ4CZQDCuTdPno+y;click;LI;[1126, 302];['', ''];['', ''];
429;2022-01-20 12:53:59.974000+00:00;SZ4CZQDCuTdPno+y;click;LI;[1128, 301];['', ''];['', ''];
430;2022-01-20 12:54:00.264000+00:00;SZ4CZQDCuTdPno+y;click;DIV;[1290, 310];['', ''];['', ''];
431;2022-01-20 12:54:01.075000+00:00;SZ4CZQDCuTdPno+y;click;DIV;[772, 359];['', ''];['', ''];
432;2022-01-20 12:54:01.320000+00:00;SZ4CZQDCuTdPno+y;click;DIV;[929, 352];['', ''];['', ''];
433;2022-01-20 12:54:02.160000+00:00;SZ4CZQDCuTdPno+y;click;UL;[337, 374];['', ''];['', ''];
434;2022-01-20 12:54:02.593000+00:00;SZ4CZQDCuTdPno+y;click;DIV;[875, 333];['', ''];['', ''];
435;2022-01-20 12:55:57.019000+00:00;SZ4CZQDCuTdPno+y;click;DIV;[1111, 442];['', ''];['', ''];
436;2022-01-20 12:56:23.108000+00:00;SZ4CZQDCuTdPno+y;click;LI;[547, 234];['', ''];['', ''];
437;2022-01-20 12:56:23.540000+00:00;SZ4CZQDCuTdPno+y;click;DIV;[636, 233];['', ''];['', ''];
438;2022-01-20 12:56:23.776000+00:00;SZ4CZQDCuTdPno+y;click;INPUT;[649, 245];[136, 6];[185, 26];text
439;2022-01-20 12:56:24.232000+00:00;SZ4CZQDCuTdPno+y;click;DIV;[1206, 247];['', ''];['', ''];
440;2022-01-20 12:57:19.454000+00:00;SZ4CZQDCuTdPno+y;click;INPUT;[654, 319];[141, 9];[185, 26];text
441;2022-01-20 12:57:19.843000+00:00;SZ4CZQDCuTdPno+y;click;DIV;[953, 313];['', ''];['', ''];
442;2022-01-20 12:57:24.542000+00:00;SZ4CZQDCuTdPno+y;click;DIV;[439, 276];['', ''];['', ''];
443;2022-01-20 12:57:26.146000+00:00;SZ4CZQDCuTdPno+y;click;DIV;[1077, 353];['', ''];['', ''];
444;2022-01-20 12:57:27.797000+00:00;SZ4CZQDCuTdPno+y;click;DIV;[417, 257];['', ''];['', ''];
445;2022-01-20 12:57:29.585000+00:00;SZ4CZQDCuTdPno+y;click;NULL;[1763, 238];['', ''];['', ''];
446;2022-01-20 12:57:54.878000+00:00;SZ4CZQDCuTdPno+y;click;NULL;[1765, 206];['', ''];['', ''];
447;2022-01-20 12:58:06.978000+00:00;SZ4CZQDCuTdPno+y;click;NULL;[1769, 280];['', ''];['', ''];
448;2022-01-20 13:00:26.761000+00:00;SZ4CZQDCuTdPno+y;click;NULL;[189, 236];['', ''];['', ''];
449;2022-01-20 13:03:40.334000+00:00;SZ4CZQDCuTdPno+y;click;NULL;[1814, 390];['', ''];['', ''];
450;2022-01-20 13:04:15.282000+00:00;SZ4CZQDCuTdPno+y;click;LABEL;[408, 138];[48, 12];[388, 24];
451;2022-01-20 13:04:15.283000+00:00;SZ4CZQDCuTdPno+y;click;INPUT;[408, 138];[71, 7];[14, 14];checkbox
452;2022-01-20 13:04:15.429000+00:00;SZ4CZQDCuTdPno+y;click;LABEL;[408, 138];[48, 12];[388, 24];
453;2022-01-20 13:04:15.430000+00:00;SZ4CZQDCuTdPno+y;click;INPUT;[408, 138];[71, 7];[14, 14];checkbox
454;2022-01-20 13:04:16.678000+00:00;SZ4CZQDCuTdPno+y;click;P;[501, 93];['', ''];['', ''];
455;2022-01-20 13:04:29.680000+00:00;SZ4CZQDCuTdPno+y;click;LABEL;[611, 465];[251, 17];[448, 24];
456;2022-01-20 13:04:29.681000+00:00;SZ4CZQDCuTdPno+y;click;INPUT;[611, 465];[274, 12];[14, 14];checkbox
457;2022-01-20 13:04:34.818000+00:00;SZ4CZQDCuTdPno+y;click;LABEL;[428, 490];[68, 16];[343, 24];
458;2022-01-20 13:04:34.819000+00:00;SZ4CZQDCuTdPno+y;click;INPUT;[428, 490];[91, 11];[14, 14];checkbox
459;2022-01-20 13:04:35.836000+00:00;SZ4CZQDCuTdPno+y;click;LABEL;[434, 487];[74, 13];[343, 24];
460;2022-01-20 13:04:35.837000+00:00;SZ4CZQDCuTdPno+y;click;INPUT;[434, 487];[97, 8];[14, 14];checkbox
461;2022-01-20 13:04:36.626000+00:00;SZ4CZQDCuTdPno+y;click;LABEL;[434, 487];[74, 13];[343, 24];
462;2022-01-20 13:04:36.627000+00:00;SZ4CZQDCuTdPno+y;click;INPUT;[434, 487];[97, 8];[14, 14];checkbox
463;2022-01-20 13:05:08.588000+00:00;SZ4CZQDCuTdPno+y;click;NULL;[191, 399];['', ''];['', ''];
464;2022-01-20 13:05:23.690000+00:00;SZ4CZQDCuTdPno+y;click;P;[433, 537];['', ''];['', ''];
465;2022-01-20 13:05:23.962000+00:00;SZ4CZQDCuTdPno+y;click;P;[433, 537];['', ''];['', ''];
466;2022-01-20 13:05:25.971000+00:00;SZ4CZQDCuTdPno+y;click;P;[383, 540];['', ''];['', ''];
467;2022-01-20 13:05:26.146000+00:00;SZ4CZQDCuTdPno+y;click;P;[383, 540];['', ''];['', ''];
468;2022-01-20 13:06:02.019000+00:00;SZ4CZQDCuTdPno+y;click;DIV;[529, 408];['', ''];['', ''];
469;2022-01-20 13:06:02.448000+00:00;SZ4CZQDCuTdPno+y;click;DIV;[594, 410];['', ''];['', ''];
470;2022-01-20 13:06:03.184000+00:00;SZ4CZQDCuTdPno+y;click;INPUT;[551, 379];[142, 25];[185, 26];text
471;2022-01-20 13:06:03.550000+00:00;SZ4CZQDCuTdPno+y;click;INPUT;[551, 414];[142, 0];[185, 26];text
472;2022-01-20 13:06:03.887000+00:00;SZ4CZQDCuTdPno+y;click;INPUT;[547, 367];[138, 13];[185, 26];text
473;2022-01-20 13:06:04.217000+00:00;SZ4CZQDCuTdPno+y;click;DIV;[801, 409];['', ''];['', ''];
474;2022-01-20 13:06:11.246000+00:00;SZ4CZQDCuTdPno+y;click;P;[478, 107];['', ''];['', ''];
475;2022-01-20 13:06:11.467000+00:00;SZ4CZQDCuTdPno+y;click;P;[478, 107];['', ''];['', ''];
476;2022-01-20 13:06:25.362000+00:00;SZ4CZQDCuTdPno+y;click;LABEL;[700, 457];[340, 11];[655, 24];
477;2022-01-20 13:06:25.363000+00:00;SZ4CZQDCuTdPno+y;click;INPUT;[700, 457];[363, 6];[14, 14];checkbox
478;2022-01-20 13:06:41.177000+00:00;SZ4CZQDCuTdPno+y;click;INPUT;[658, 490];[321, 13];[14, 14];checkbox
479;2022-01-20 13:06:41.177000+00:00;SZ4CZQDCuTdPno+y;click;LABEL;[658, 490];[298, 18];[686, 24];
480;2022-01-20 13:06:43.231000+00:00;SZ4CZQDCuTdPno+y;click;NULL;[249, 375];['', ''];['', ''];
481;2022-01-20 13:06:53.266000+00:00;SZ4CZQDCuTdPno+y;click;LABEL;[556, 451];[196, 14];[586, 24];
482;2022-01-20 13:06:53.267000+00:00;SZ4CZQDCuTdPno+y;click;INPUT;[556, 451];[219, 9];[14, 14];checkbox
483;2022-01-20 13:06:56.151000+00:00;SZ4CZQDCuTdPno+y;click;INPUT;[468, 451];[131, 9];[14, 14];checkbox
484;2022-01-20 13:06:56.151000+00:00;SZ4CZQDCuTdPno+y;click;LABEL;[468, 451];[108, 14];[586, 24];
485;2022-01-20 13:06:57.043000+00:00;SZ4CZQDCuTdPno+y;click;P;[496, 340];['', ''];['', ''];
486;2022-01-20 13:06:57.778000+00:00;SZ4CZQDCuTdPno+y;click;LABEL;[502, 372];[142, 13];[332, 24];
487;2022-01-20 13:06:57.779000+00:00;SZ4CZQDCuTdPno+y;click;INPUT;[502, 372];[165, 8];[14, 14];checkbox
488;2022-01-20 13:06:58.562000+00:00;SZ4CZQDCuTdPno+y;click;LABEL;[476, 373];[116, 14];[332, 24];
489;2022-01-20 13:06:58.563000+00:00;SZ4CZQDCuTdPno+y;click;INPUT;[476, 373];[139, 9];[14, 14];checkbox
490;2022-01-20 13:07:00.180000+00:00;SZ4CZQDCuTdPno+y;click;LABEL;[476, 399];[116, 14];[716, 24];
491;2022-01-20 13:07:00.181000+00:00;SZ4CZQDCuTdPno+y;click;INPUT;[476, 399];[139, 9];[14, 14];checkbox
492;2022-01-20 13:07:19.256000+00:00;SZ4CZQDCuTdPno+y;click;LABEL;[462, 362];[102, 3];[332, 24];
493;2022-01-20 13:07:19.256000+00:00;SZ4CZQDCuTdPno+y;click;INPUT;[462, 362];[125, -2];[14, 14];checkbox
494;2022-01-20 13:07:20.084000+00:00;SZ4CZQDCuTdPno+y;click;P;[487, 334];['', ''];['', ''];
495;2022-01-20 13:07:23.122000+00:00;SZ4CZQDCuTdPno+y;click;LABEL;[505, 454];[145, 17];[586, 24];
496;2022-01-20 13:07:23.123000+00:00;SZ4CZQDCuTdPno+y;click;INPUT;[505, 454];[168, 12];[14, 14];checkbox
497;2022-01-20 13:07:24.375000+00:00;SZ4CZQDCuTdPno+y;click;NULL;[247, 412];['', ''];['', ''];
498;2022-01-20 13:07:29.170000+00:00;SZ4CZQDCuTdPno+y;click;LABEL;[454, 424];[94, 13];[374, 24];
499;2022-01-20 13:07:29.171000+00:00;SZ4CZQDCuTdPno+y;click;INPUT;[454, 424];[117, 8];[14, 14];checkbox
500;2022-01-20 13:07:30.282000+00:00;SZ4CZQDCuTdPno+y;click;NULL;[185, 444];['', ''];['', ''];
501;2022-01-20 13:07:37.872000+00:00;SZ4CZQDCuTdPno+y;click;P;[384, 349];['', ''];['', ''];
502;2022-01-20 13:07:38.059000+00:00;SZ4CZQDCuTdPno+y;click;P;[384, 349];['', ''];['', ''];
503;2022-01-20 13:07:38.363000+00:00;SZ4CZQDCuTdPno+y;click;P;[422, 344];['', ''];['', ''];
504;2022-01-20 13:07:40.884000+00:00;SZ4CZQDCuTdPno+y;click;P;[431, 343];['', ''];['', ''];
505;2022-01-20 13:07:41.038000+00:00;SZ4CZQDCuTdPno+y;click;P;[431, 343];['', ''];['', ''];
506;2022-01-20 13:08:05.098000+00:00;SZ4CZQDCuTdPno+y;click;P;[561, 343];['', ''];['', ''];
507;2022-01-20 13:08:47.766000+00:00;SZ4CZQDCuTdPno+y;click;LABEL;[528, 184];[168, 12];[515, 24];
508;2022-01-20 13:08:47.767000+00:00;SZ4CZQDCuTdPno+y;click;INPUT;[528, 184];[191, 7];[14, 14];checkbox
509;2022-01-20 13:08:54.772000+00:00;SZ4CZQDCuTdPno+y;click;LABEL;[465, 215];[105, 17];[384, 24];
510;2022-01-20 13:08:54.773000+00:00;SZ4CZQDCuTdPno+y;click;INPUT;[465, 215];[128, 12];[14, 14];checkbox
511;2022-01-20 13:09:05.316000+00:00;SZ4CZQDCuTdPno+y;click;DIV;[466, 270];['', ''];['', ''];
512;2022-01-20 13:09:10.441000+00:00;SZ4CZQDCuTdPno+y;click;INPUT;[669, 302];[332, 12];[14, 14];checkbox
513;2022-01-20 13:09:10.441000+00:00;SZ4CZQDCuTdPno+y;click;LABEL;[669, 302];[309, 17];[432, 24];
514;2022-01-20 13:09:12.272000+00:00;SZ4CZQDCuTdPno+y;click;INPUT;[623, 323];[286, 7];[14, 14];checkbox
515;2022-01-20 13:09:12.272000+00:00;SZ4CZQDCuTdPno+y;click;LABEL;[623, 323];[263, 12];[355, 24];
516;2022-01-20 13:09:17.602000+00:00;SZ4CZQDCuTdPno+y;click;INPUT;[626, 351];[289, 9];[14, 14];checkbox
517;2022-01-20 13:09:17.602000+00:00;SZ4CZQDCuTdPno+y;click;LABEL;[626, 351];[266, 14];[362, 24];
518;2022-01-20 13:09:20.058000+00:00;SZ4CZQDCuTdPno+y;click;LABEL;[600, 279];[240, 16];[515, 24];
519;2022-01-20 13:09:20.058000+00:00;SZ4CZQDCuTdPno+y;click;INPUT;[600, 279];[263, 11];[14, 14];checkbox
520;2022-01-20 13:09:21.423000+00:00;SZ4CZQDCuTdPno+y;click;LI;[574, 330];['', ''];['', ''];
521;2022-01-20 13:09:25.518000+00:00;SZ4CZQDCuTdPno+y;click;LABEL;[579, 304];[219, 15];[448, 24];
522;2022-01-20 13:09:25.519000+00:00;SZ4CZQDCuTdPno+y;click;INPUT;[579, 304];[242, 10];[14, 14];checkbox
523;2022-01-20 13:09:26.641000+00:00;SZ4CZQDCuTdPno+y;click;P;[581, 343];['', ''];['', ''];
524;2022-01-20 13:09:30.379000+00:00;SZ4CZQDCuTdPno+y;click;LI;[582, 316];['', ''];['', ''];
525;2022-01-20 13:09:30.751000+00:00;SZ4CZQDCuTdPno+y;click;LABEL;[582, 308];[222, 19];[448, 24];
526;2022-01-20 13:09:30.751000+00:00;SZ4CZQDCuTdPno+y;click;INPUT;[582, 308];[245, 14];[14, 14];checkbox
527;2022-01-20 13:09:31.677000+00:00;SZ4CZQDCuTdPno+y;click;P;[584, 339];['', ''];['', ''];
528;2022-01-20 13:10:05.258000+00:00;SZ4CZQDCuTdPno+y;click;LABEL;[598, 678];[238, 15];[515, 24];
529;2022-01-20 13:10:05.258000+00:00;SZ4CZQDCuTdPno+y;click;INPUT;[598, 678];[261, 10];[14, 14];checkbox
530;2022-01-20 13:10:06.794000+00:00;SZ4CZQDCuTdPno+y;click;LABEL;[599, 678];[239, 15];[515, 24];
531;2022-01-20 13:10:06.794000+00:00;SZ4CZQDCuTdPno+y;click;INPUT;[599, 678];[262, 10];[14, 14];checkbox
532;2022-01-20 13:10:07.469000+00:00;SZ4CZQDCuTdPno+y;click;NULL;[260, 565];['', ''];['', ''];
533;2022-01-20 13:10:34.283000+00:00;SZ4CZQDCuTdPno+y;click;LABEL;[578, 537];[218, 13];[355, 24];
534;2022-01-20 13:10:34.283000+00:00;SZ4CZQDCuTdPno+y;click;INPUT;[578, 537];[241, 8];[14, 14];checkbox
535;2022-01-20 13:10:37.758000+00:00;SZ4CZQDCuTdPno+y;click;INPUT;[571, 615];[234, 8];[14, 14];checkbox
536;2022-01-20 13:10:37.758000+00:00;SZ4CZQDCuTdPno+y;click;LABEL;[571, 615];[211, 13];[506, 24];
537;2022-01-20 13:11:10.461000+00:00;SZ4CZQDCuTdPno+y;click;LABEL;[439, 430];[79, 19];[388, 24];
538;2022-01-20 13:11:24.242000+00:00;SZ4CZQDCuTdPno+y;click;NULL;[232, 414];['', ''];['', ''];
539;2022-01-20 13:11:28.395000+00:00;SZ4CZQDCuTdPno+y;click;LABEL;[555, 449];[195, 12];[321, 24];
540;2022-01-20 13:11:28.395000+00:00;SZ4CZQDCuTdPno+y;click;INPUT;[555, 449];[218, 7];[14, 14];checkbox
541;2022-01-20 13:11:36.889000+00:00;SZ4CZQDCuTdPno+y;click;INPUT;[506, 478];[169, 10];[14, 14];checkbox
542;2022-01-20 13:11:36.889000+00:00;SZ4CZQDCuTdPno+y;click;LABEL;[506, 478];[146, 15];[511, 24];
543;2022-01-20 13:11:37.853000+00:00;SZ4CZQDCuTdPno+y;click;NULL;[278, 434];['', ''];['', ''];
544;2022-01-20 13:11:39.967000+00:00;SZ4CZQDCuTdPno+y;click;LABEL;[360, 426];[-1, 15];[388, 24];
545;2022-01-20 13:11:54.190000+00:00;SZ4CZQDCuTdPno+y;click;LABEL;[385, 416];[25, 5];[388, 24];
546;2022-01-20 13:11:54.191000+00:00;SZ4CZQDCuTdPno+y;click;INPUT;[385, 416];[48, 0];[14, 14];checkbox
547;2022-01-20 13:11:54.565000+00:00;SZ4CZQDCuTdPno+y;click;NULL;[155, 408];['', ''];['', ''];
548;2022-01-20 13:12:57.953000+00:00;SZ4CZQDCuTdPno+y;click;INPUT;[653, 329];[140, 11];[185, 26];text
549;2022-01-20 13:13:04.574000+00:00;SZ4CZQDCuTdPno+y;click;DIV;[1095, 464];['', ''];['', ''];
550;2022-01-20 13:13:04.913000+00:00;SZ4CZQDCuTdPno+y;click;DIV;[1143, 471];['', ''];['', ''];
551;2022-01-20 13:13:07.194000+00:00;SZ4CZQDCuTdPno+y;click;INPUT;[630, 463];[117, 16];[185, 26];text
552;2022-01-20 13:13:19.721000+00:00;SZ4CZQDCuTdPno+y;click;DIV;[782, 447];['', ''];['', ''];
553;2022-01-20 13:13:19.966000+00:00;SZ4CZQDCuTdPno+y;click;DIV;[782, 447];['', ''];['', ''];
554;2022-01-20 13:13:20.303000+00:00;SZ4CZQDCuTdPno+y;click;DIV;[782, 447];['', ''];['', ''];
555;2022-01-20 13:13:20.605000+00:00;SZ4CZQDCuTdPno+y;click;DIV;[926, 435];['', ''];['', ''];
556;2022-01-20 13:13:40.397000+00:00;SZ4CZQDCuTdPno+y;click;INPUT;[675, 280];[162, 4];[185, 26];text
557;2022-01-20 13:14:04.719000+00:00;SZ4CZQDCuTdPno+y;click;INPUT;[621, 335];[108, 25];[185, 26];text
558;2022-01-20 13:14:09.371000+00:00;SZ4CZQDCuTdPno+y;click;DIV;[947, 407];['', ''];['', ''];
559;2022-01-20 13:14:09.541000+00:00;SZ4CZQDCuTdPno+y;click;DIV;[947, 407];['', ''];['', ''];
560;2022-01-20 13:14:09.694000+00:00;SZ4CZQDCuTdPno+y;click;DIV;[947, 407];['', ''];['', ''];
561;2022-01-20 13:14:10.054000+00:00;SZ4CZQDCuTdPno+y;click;DIV;[1044, 393];['', ''];['', ''];
562;2022-01-20 13:14:10.229000+00:00;SZ4CZQDCuTdPno+y;click;DIV;[1044, 393];['', ''];['', ''];
563;2022-01-20 13:14:10.600000+00:00;SZ4CZQDCuTdPno+y;click;DIV;[987, 401];['', ''];['', ''];
564;2022-01-20 13:14:10.809000+00:00;SZ4CZQDCuTdPno+y;click;DIV;[1045, 397];['', ''];['', ''];
565;2022-01-20 13:14:11.139000+00:00;SZ4CZQDCuTdPno+y;click;DIV;[1210, 418];['', ''];['', ''];
566;2022-01-20 13:14:11.355000+00:00;SZ4CZQDCuTdPno+y;click;DIV;[1223, 419];['', ''];['', ''];
567;2022-01-20 13:14:11.666000+00:00;SZ4CZQDCuTdPno+y;click;DIV;[1228, 416];['', ''];['', ''];
568;2022-01-20 13:14:12.074000+00:00;SZ4CZQDCuTdPno+y;click;DIV;[1262, 388];['', ''];['', ''];
569;2022-01-20 13:14:12.366000+00:00;SZ4CZQDCuTdPno+y;click;DIV;[1399, 399];['', ''];['', ''];
570;2022-01-20 13:14:12.609000+00:00;SZ4CZQDCuTdPno+y;click;DIV;[1448, 400];['', ''];['', ''];
571;2022-01-20 13:14:58.434000+00:00;SZ4CZQDCuTdPno+y;click;INPUT;[687, 250];[174, 11];[185, 26];text
572;2022-01-20 13:15:24.141000+00:00;SZ4CZQDCuTdPno+y;click;DIV;[667, 368];['', ''];['', ''];
573;2022-01-20 13:15:25.221000+00:00;SZ4CZQDCuTdPno+y;click;INPUT;[647, 356];[134, 16];[185, 26];text
574;2022-01-20 13:15:31.679000+00:00;SZ4CZQDCuTdPno+y;click;INPUT;[618, 516];[105, 20];[185, 26];text
575;2022-01-20 13:15:55.354000+00:00;SZ4CZQDCuTdPno+y;click;INPUT;[490, 368];[153, 6];[14, 14];checkbox
576;2022-01-20 13:15:55.354000+00:00;SZ4CZQDCuTdPno+y;click;LABEL;[490, 368];[130, 11];[284, 24];
577;2022-01-20 13:15:56.335000+00:00;SZ4CZQDCuTdPno+y;click;P;[553, 327];['', ''];['', ''];
578;2022-01-20 13:16:27.967000+00:00;SZ4CZQDCuTdPno+y;click;INPUT;[525, 417];[116, 19];[185, 26];text
579;2022-01-20 13:17:31.657000+00:00;SZ4CZQDCuTdPno+y;click;DIV;[568, 576];['', ''];['', ''];
580;2022-01-20 13:17:32.148000+00:00;SZ4CZQDCuTdPno+y;click;INPUT;[578, 570];[169, 22];[185, 26];text
581;2022-01-20 13:17:35.235000+00:00;SZ4CZQDCuTdPno+y;click;DIV;[826, 520];['', ''];['', ''];
582;2022-01-20 13:18:13.694000+00:00;SZ4CZQDCuTdPno+y;click;DIV;[752, 343];['', ''];['', ''];
583;2022-01-20 13:18:30+00:00;SZ4CZQDCuTdPno+y;click;DIV;[887, 336];['', ''];['', ''];
584;2022-01-20 13:19:07.846000+00:00;SZ4CZQDCuTdPno+y;click;NULL;[1727, 345];['', ''];['', ''];
585;2022-01-20 13:20:29.041000+00:00;SZ4CZQDCuTdPno+y;click;BUTTON;[1751, 913];[51, 23];[192, 36];
586;2022-01-20 13:20:57.975000+00:00;SZ4CZQDCuTdPno+y;click;NULL;[108, 271];['', ''];['', ''];
587;2022-01-20 13:21:34.434000+00:00;SZ4CZQDCuTdPno+y;click;NULL;[1685, 412];['', ''];['', ''];
588;2022-01-20 13:21:37.555000+00:00;SZ4CZQDCuTdPno+y;click;BUTTON;[1827, 902];[1827, 3647];[0, 0];
589;2022-01-20 13:21:55.899000+00:00;SZ4CZQDCuTdPno+y;click;NULL;[98, 362];['', ''];['', ''];
590;2022-01-20 13:23:05.785000+00:00;SZ4CZQDCuTdPno+y;click;NULL;[238, 199];['', ''];['', ''];
591;2022-01-20 13:23:42.588000+00:00;SZ4CZQDCuTdPno+y;click;LABEL;[419, 251];[75, 22];[914, 24];
592;2022-01-20 13:23:42.588000+00:00;SZ4CZQDCuTdPno+y;click;INPUT;[419, 251];[98, 17];[14, 14];checkbox
593;2022-01-20 13:23:42.812000+00:00;SZ4CZQDCuTdPno+y;click;LABEL;[432, 289];[88, 8];[959, 24];
594;2022-01-20 13:23:42.812000+00:00;SZ4CZQDCuTdPno+y;click;INPUT;[432, 289];[111, 3];[14, 14];checkbox
595;2022-01-20 13:23:42.976000+00:00;SZ4CZQDCuTdPno+y;click;DIV;[437, 305];['', ''];['', ''];
596;2022-01-20 13:23:43.153000+00:00;SZ4CZQDCuTdPno+y;click;INPUT;[454, 353];[133, 15];[14, 14];checkbox
597;2022-01-20 13:23:43.153000+00:00;SZ4CZQDCuTdPno+y;click;LABEL;[454, 353];[110, 20];[1109, 24];
598;2022-01-20 13:23:43.765000+00:00;SZ4CZQDCuTdPno+y;click;DIV;[445, 280];['', ''];['', ''];
599;2022-01-20 13:23:44.051000+00:00;SZ4CZQDCuTdPno+y;click;LABEL;[442, 322];[98, 15];[984, 24];
600;2022-01-20 13:23:44.052000+00:00;SZ4CZQDCuTdPno+y;click;INPUT;[442, 322];[121, 10];[14, 14];checkbox
601;2022-01-20 13:23:44.296000+00:00;SZ4CZQDCuTdPno+y;click;INPUT;[439, 261];[118, 1];[14, 14];checkbox
602;2022-01-20 13:23:44.296000+00:00;SZ4CZQDCuTdPno+y;click;LABEL;[439, 261];[95, 6];[452, 24];
603;2022-01-20 13:23:44.675000+00:00;SZ4CZQDCuTdPno+y;click;LABEL;[443, 425];[99, 14];[859, 24];
604;2022-01-20 13:23:44.675000+00:00;SZ4CZQDCuTdPno+y;click;INPUT;[443, 425];[122, 9];[14, 14];checkbox
605;2022-01-20 13:23:45.154000+00:00;SZ4CZQDCuTdPno+y;click;INPUT;[446, 373];[125, 9];[14, 14];checkbox
606;2022-01-20 13:23:45.154000+00:00;SZ4CZQDCuTdPno+y;click;LABEL;[446, 373];[102, 14];[981, 24];
607;2022-01-20 13:23:45.399000+00:00;SZ4CZQDCuTdPno+y;click;INPUT;[442, 407];[121, 17];[14, 14];checkbox
608;2022-01-20 13:23:45.399000+00:00;SZ4CZQDCuTdPno+y;click;LABEL;[442, 407];[98, 22];[857, 24];
609;2022-01-20 13:23:45.691000+00:00;SZ4CZQDCuTdPno+y;click;LABEL;[454, 467];[110, 4];[942, 24];
610;2022-01-20 13:23:45.691000+00:00;SZ4CZQDCuTdPno+y;click;INPUT;[454, 467];[133, -1];[14, 14];checkbox
611;2022-01-20 13:23:45.907000+00:00;SZ4CZQDCuTdPno+y;click;INPUT;[458, 505];[137, 11];[14, 14];checkbox
612;2022-01-20 13:23:45.907000+00:00;SZ4CZQDCuTdPno+y;click;LABEL;[458, 505];[114, 16];[1106, 24];
613;2022-01-20 13:23:46.156000+00:00;SZ4CZQDCuTdPno+y;click;LABEL;[456, 447];[112, 10];[928, 24];
614;2022-01-20 13:23:46.156000+00:00;SZ4CZQDCuTdPno+y;click;INPUT;[456, 447];[135, 5];[14, 14];checkbox
615;2022-01-20 13:23:46.710000+00:00;SZ4CZQDCuTdPno+y;click;NULL;[103, 477];['', ''];['', ''];
616;2022-01-20 13:23:55.613000+00:00;SZ4CZQDCuTdPno+y;click;NULL;[1681, 121];['', ''];['', ''];
617;2022-01-20 13:24:10.571000+00:00;SZ4CZQDCuTdPno+y;click;DIV;[552, 349];['', ''];['', ''];
618;2022-01-20 13:24:11.008000+00:00;SZ4CZQDCuTdPno+y;click;DIV;[557, 362];['', ''];['', ''];
619;2022-01-20 13:24:11.357000+00:00;SZ4CZQDCuTdPno+y;click;DIV;[407, 357];['', ''];['', ''];
620;2022-01-20 13:24:11.789000+00:00;SZ4CZQDCuTdPno+y;click;DIV;[417, 362];['', ''];['', ''];
621;2022-01-20 13:24:12.282000+00:00;SZ4CZQDCuTdPno+y;click;DIV;[433, 391];['', ''];['', ''];
622;2022-01-20 13:24:13.446000+00:00;SZ4CZQDCuTdPno+y;click;P;[494, 318];['', ''];['', ''];
623;2022-01-20 13:24:17.785000+00:00;SZ4CZQDCuTdPno+y;click;DIV;[637, 510];['', ''];['', ''];
624;2022-01-20 13:25:03.144000+00:00;SZ4CZQDCuTdPno+y;click;DIV;[598, 625];['', ''];['', ''];
625;2022-01-20 13:27:04.340000+00:00;SZ4CZQDCuTdPno+y;click;DIV;[491, 471];['', ''];['', ''];
626;2022-01-20 13:27:06.426000+00:00;SZ4CZQDCuTdPno+y;click;DIV;[473, 417];['', ''];['', ''];
627;2022-01-20 13:28:21.409000+00:00;SZ4CZQDCuTdPno+y;click;DIV;[469, 731];['', ''];['', ''];
628;2022-01-20 13:28:22.029000+00:00;SZ4CZQDCuTdPno+y;click;DIV;[492, 708];['', ''];['', ''];
629;2022-01-20 13:28:24.820000+00:00;SZ4CZQDCuTdPno+y;click;DIV;[397, 729];['', ''];['', ''];
630;2022-01-20 13:28:24.982000+00:00;SZ4CZQDCuTdPno+y;click;DIV;[397, 729];['', ''];['', ''];
631;2022-01-20 13:28:46.072000+00:00;SZ4CZQDCuTdPno+y;click;DIV;[511, 751];['', ''];['', ''];
632;2022-01-20 13:31:28.365000+00:00;SZ4CZQDCuTdPno+y;click;INPUT;[610, 527];[41, 14];[185, 26];text
633;2022-01-20 13:31:43.197000+00:00;SZ4CZQDCuTdPno+y;click;INPUT;[682, 440];[113, 27];[185, 26];text
634;2022-01-20 13:31:43.626000+00:00;SZ4CZQDCuTdPno+y;click;INPUT;[690, 470];[121, 27];[185, 26];text
635;2022-01-20 13:31:47.214000+00:00;SZ4CZQDCuTdPno+y;click;INPUT;[631, 491];[54, 18];[185, 26];text
636;2022-01-20 13:32:08.163000+00:00;SZ4CZQDCuTdPno+y;click;INPUT;[643, 626];[56, 23];[185, 26];text
637;2022-01-20 13:32:36.223000+00:00;SZ4CZQDCuTdPno+y;click;INPUT;[447, 711];[110, 1];[14, 14];radio
638;2022-01-20 13:32:36.223000+00:00;SZ4CZQDCuTdPno+y;click;LABEL;[447, 711];[87, 6];[154, 24];
639;2022-01-20 13:32:37.108000+00:00;SZ4CZQDCuTdPno+y;click;IMG;[670, 465];['', ''];['', ''];
640;2022-01-20 13:33:34.714000+00:00;SZ4CZQDCuTdPno+y;click;LABEL;[426, 559];[66, 15];[187, 24];
641;2022-01-20 13:33:34.714000+00:00;SZ4CZQDCuTdPno+y;click;INPUT;[426, 559];[89, 10];[14, 14];radio
642;2022-01-20 13:35:21.290000+00:00;SZ4CZQDCuTdPno+y;click;DIV;[353, 596];['', ''];['', ''];
643;2022-01-20 13:35:21.721000+00:00;SZ4CZQDCuTdPno+y;click;DIV;[352, 590];['', ''];['', ''];
644;2022-01-20 13:35:22.233000+00:00;SZ4CZQDCuTdPno+y;click;DIV;[350, 589];['', ''];['', ''];
645;2022-01-20 13:35:22.568000+00:00;SZ4CZQDCuTdPno+y;click;INPUT;[347, 584];[10, 11];[14, 14];radio
646;2022-01-20 13:35:23.498000+00:00;SZ4CZQDCuTdPno+y;click;DIV;[354, 560];['', ''];['', ''];
647;2022-01-20 13:35:24.081000+00:00;SZ4CZQDCuTdPno+y;click;DIV;[359, 549];['', ''];['', ''];
648;2022-01-20 13:35:24.710000+00:00;SZ4CZQDCuTdPno+y;click;INPUT;[348, 554];[11, 7];[14, 14];radio
649;2022-01-20 13:35:33.801000+00:00;SZ4CZQDCuTdPno+y;click;DIV;[344, 600];['', ''];['', ''];
650;2022-01-20 13:35:34.964000+00:00;SZ4CZQDCuTdPno+y;click;DIV;[353, 588];['', ''];['', ''];
651;2022-01-20 13:35:35.407000+00:00;SZ4CZQDCuTdPno+y;click;INPUT;[350, 589];[13, 5];[14, 14];radio
652;2022-01-20 13:36:20.683000+00:00;SZ4CZQDCuTdPno+y;click;INPUT;[433, 746];[96, 5];[14, 14];radio
653;2022-01-20 13:36:20.683000+00:00;SZ4CZQDCuTdPno+y;click;LABEL;[433, 746];[73, 10];[327, 24];
654;2022-01-20 13:36:46.503000+00:00;SZ4CZQDCuTdPno+y;click;LABEL;[439, 784];[95, 16];[698, 24];
655;2022-01-20 13:36:46.504000+00:00;SZ4CZQDCuTdPno+y;click;INPUT;[439, 784];[118, 11];[14, 14];checkbox
656;2022-01-20 13:36:50.791000+00:00;SZ4CZQDCuTdPno+y;click;LABEL;[458, 763];[114, 21];[816, 24];
657;2022-01-20 13:36:50.791000+00:00;SZ4CZQDCuTdPno+y;click;INPUT;[458, 763];[137, 16];[14, 14];checkbox
658;2022-01-20 13:36:57.821000+00:00;SZ4CZQDCuTdPno+y;click;INPUT;[459, 761];[138, 14];[14, 14];checkbox
659;2022-01-20 13:36:57.821000+00:00;SZ4CZQDCuTdPno+y;click;LABEL;[459, 761];[115, 19];[816, 24];
660;2022-01-20 13:37:08.924000+00:00;SZ4CZQDCuTdPno+y;click;DIV;[345, 736];['', ''];['', ''];
661;2022-01-20 13:37:15.253000+00:00;SZ4CZQDCuTdPno+y;click;DIV;[1322, 735];['', ''];['', ''];
662;2022-01-20 13:37:16.546000+00:00;SZ4CZQDCuTdPno+y;click;DIV;[1186, 763];['', ''];['', ''];
663;2022-01-20 13:37:19.096000+00:00;SZ4CZQDCuTdPno+y;click;LABEL;[1156, 754];[812, 12];[816, 24];
664;2022-01-20 13:37:30.435000+00:00;SZ4CZQDCuTdPno+y;click;NULL;[250, 718];['', ''];['', ''];
665;2022-01-20 13:37:39.930000+00:00;SZ4CZQDCuTdPno+y;click;INPUT;[679, 707];[358, 12];[14, 14];checkbox
666;2022-01-20 13:37:39.930000+00:00;SZ4CZQDCuTdPno+y;click;LABEL;[679, 707];[335, 17];[784, 24];
667;2022-01-20 13:37:40.971000+00:00;SZ4CZQDCuTdPno+y;click;NULL;[246, 721];['', ''];['', ''];
668;2022-01-20 13:37:43.992000+00:00;SZ4CZQDCuTdPno+y;click;BUTTON;[1733, 905];[33, 15];[192, 36];
669;2022-01-20 13:37:57.347000+00:00;SZ4CZQDCuTdPno+y;click;NULL;[1717, 484];['', ''];['', ''];
670;2022-01-20 13:38:10.151000+00:00;SZ4CZQDCuTdPno+y;click;NULL;[1691, 451];['', ''];['', ''];
671;2022-01-20 13:38:54.956000+00:00;SZ4CZQDCuTdPno+y;click;NULL;[1732, 536];['', ''];['', ''];
672;2022-01-20 13:38:56.160000+00:00;SZ4CZQDCuTdPno+y;click;NULL;[1732, 536];['', ''];['', ''];
673;2022-01-20 13:39:02.093000+00:00;SZ4CZQDCuTdPno+y;click;NULL;[85, 407];['', ''];['', ''];
674;2022-01-20 13:39:11.337000+00:00;SZ4CZQDCuTdPno+y;click;NULL;[1709, 648];['', ''];['', ''];
675;2022-01-20 13:39:11.792000+00:00;SZ4CZQDCuTdPno+y;click;BUTTON;[1812, 907];[1812, 5066];[0, 0];
676;2022-01-20 13:39:35.947000+00:00;SZ4CZQDCuTdPno+y;click;INPUT;[440, 248];[102, 9];[185, 26];text
677;2022-01-20 13:39:38.841000+00:00;SZ4CZQDCuTdPno+y;click;DIV;[682, 324];['', ''];['', ''];
678;2022-01-20 13:39:39.005000+00:00;SZ4CZQDCuTdPno+y;click;DIV;[682, 324];['', ''];['', ''];
679;2022-01-20 13:39:39.330000+00:00;SZ4CZQDCuTdPno+y;click;DIV;[896, 336];['', ''];['', ''];
680;2022-01-20 13:39:39.522000+00:00;SZ4CZQDCuTdPno+y;click;DIV;[896, 336];['', ''];['', ''];
681;2022-01-20 13:39:39.695000+00:00;SZ4CZQDCuTdPno+y;click;DIV;[896, 336];['', ''];['', ''];
682;2022-01-20 13:39:39.988000+00:00;SZ4CZQDCuTdPno+y;click;DIV;[986, 326];['', ''];['', ''];
683;2022-01-20 13:39:40.882000+00:00;SZ4CZQDCuTdPno+y;click;DIV;[986, 326];['', ''];['', ''];
684;2022-01-20 13:39:41.028000+00:00;SZ4CZQDCuTdPno+y;click;DIV;[986, 326];['', ''];['', ''];
685;2022-01-20 13:39:41.348000+00:00;SZ4CZQDCuTdPno+y;click;DIV;[1083, 324];['', ''];['', ''];
686;2022-01-20 13:39:41.845000+00:00;SZ4CZQDCuTdPno+y;click;DIV;[1083, 324];['', ''];['', ''];
687;2022-01-20 13:39:42.004000+00:00;SZ4CZQDCuTdPno+y;click;DIV;[1083, 324];['', ''];['', ''];
688;2022-01-20 13:39:42.285000+00:00;SZ4CZQDCuTdPno+y;click;DIV;[1145, 326];['', ''];['', ''];
689;2022-01-20 13:40:34.755000+00:00;SZ4CZQDCuTdPno+y;click;INPUT;[418, 384];[80, 3];[185, 26];text
690;2022-01-20 13:40:44.308000+00:00;SZ4CZQDCuTdPno+y;click;INPUT;[400, 326];[62, 16];[185, 26];text
691;2022-01-20 13:41:00.954000+00:00;SZ4CZQDCuTdPno+y;click;P;[454, 256];['', ''];['', ''];
692;2022-01-20 13:41:02.059000+00:00;SZ4CZQDCuTdPno+y;click;DIV;[432, 246];['', ''];['', ''];
693;2022-01-20 13:41:14.888000+00:00;SZ4CZQDCuTdPno+y;click;NULL;[1669, 209];['', ''];['', ''];
694;2022-01-20 13:41:52.071000+00:00;SZ4CZQDCuTdPno+y;click;LI;[322, 255];['', ''];['', ''];
695;2022-01-20 13:41:54.821000+00:00;SZ4CZQDCuTdPno+y;click;NULL;[110, 295];['', ''];['', ''];
696;2022-01-20 13:41:55.447000+00:00;SZ4CZQDCuTdPno+y;click;NULL;[273, 397];['', ''];['', ''];
697;2022-01-20 13:41:55.751000+00:00;SZ4CZQDCuTdPno+y;click;NULL;[220, 371];['', ''];['', ''];
698;2022-01-20 13:42:12.354000+00:00;SZ4CZQDCuTdPno+y;click;NULL;[2307, 720];['', ''];['', ''];
699;2022-01-20 13:42:55.785000+00:00;SZ4CZQDCuTdPno+y;click;INPUT;[517, 142];[179, 3];[185, 26];text
700;2022-01-20 13:42:57.074000+00:00;SZ4CZQDCuTdPno+y;click;INPUT;[452, 304];[114, 23];[185, 26];text
701;2022-01-20 13:43:42.419000+00:00;SZ4CZQDCuTdPno+y;click;NULL;[240, 380];['', ''];['', ''];
